concept_name	domain_id	vocabulary_id	concept_class_id	standard_concept	concept_code	valid_start_date	valid_end_date	invalid_reason
		"ICDO3"		"X"	"8728/1"	"2015-09-18"		"X"
		"ICDO3"		"X"	"8728/3"	"2015-09-18"		"X"
		"ICDO3"		"X"	"8730/0"	"2015-09-18"		"X"
		"ICDO3"		"X"	"8102/0"	"2015-09-18"		"X"
		"ICDO3"		"X"	"8110/3"	"2015-09-18"		"X"
		"ICDO3"		"X"	"8215/3"	"2015-09-18"		"X"
		"ICDO3"		"X"	"8220/0"	"2015-09-18"		"X"
		"ICDO3"		"X"	"8220/3"	"2015-09-18"		"X"
		"ICDO3"		"X"	"8221/0"	"2015-09-18"		"X"
		"ICDO3"		"X"	"8221/3"	"2015-09-18"		"X"
		"ICDO3"		"X"	"8230/2"	"2015-09-18"		"X"
		"ICDO3"		"X"	"8230/3"	"2015-09-18"		"X"
		"ICDO3"		"X"	"8231/3"	"2015-09-18"		"X"
		"ICDO3"		"X"	"8240/1"	"2015-09-18"		"X"
		"ICDO3"		"X"	"8240/3"	"2015-09-18"		"X"
		"ICDO3"		"X"	"8241/3"	"2015-09-18"		"X"
		"ICDO3"		"X"	"8242/1"	"2015-09-18"		"X"
		"ICDO3"		"X"	"8242/3"	"2015-09-18"		"X"
		"ICDO3"		"X"	"8243/3"	"2015-09-18"		"X"
		"ICDO3"		"X"	"8330/3"	"2015-09-18"		"X"
		"ICDO3"		"X"	"8331/3"	"2015-09-18"		"X"
		"ICDO3"		"X"	"8332/3"	"2015-09-18"		"X"
		"ICDO3"		"X"	"8333/0"	"2015-09-18"		"X"
		"ICDO3"		"X"	"8333/3"	"2015-09-18"		"X"
		"ICDO3"		"X"	"8334/0"	"2015-09-18"		"X"
		"ICDO3"		"X"	"8335/3"	"2015-09-18"		"X"
		"ICDO3"		"X"	"8336/0"	"2015-09-18"		"X"
		"ICDO3"		"X"	"8337/3"	"2015-09-18"		"X"
		"ICDO3"		"X"	"8340/3"	"2015-09-18"		"X"
		"ICDO3"		"X"	"8341/3"	"2015-09-18"		"X"
		"ICDO3"		"X"	"8342/3"	"2015-09-18"		"X"
		"ICDO3"		"X"	"8343/3"	"2015-09-18"		"X"
		"ICDO3"		"X"	"8265/3"	"2015-09-18"		"X"
		"ICDO3"		"X"	"8480/1"	"2015-09-18"		"X"
		"ICDO3"		"X"	"9815/3"	"2015-09-18"		"X"
		"ICDO3"		"X"	"8163/0"	"2015-09-18"		"X"
		"ICDO3"		"X"	"9751/3"	"2015-09-18"		"X"
		"ICDO3"		"X"	"9975/3"	"2015-09-18"		"X"
		"ICDO3"		"X"	"9811/3"	"2015-09-18"		"X"
		"ICDO3"		"X"	"9053/3"	"2015-09-18"		"X"
		"ICDO3"		"X"	"9054/0"	"2015-09-18"		"X"
		"ICDO3"		"X"	"9055/0"	"2015-09-18"		"X"
		"ICDO3"		"X"	"9055/1"	"2015-09-18"		"X"
		"ICDO3"		"X"	"9060/3"	"2015-09-18"		"X"
		"ICDO3"		"X"	"9061/3"	"2015-09-18"		"X"
		"ICDO3"		"X"	"9062/3"	"2015-09-18"		"X"
		"ICDO3"		"X"	"9063/3"	"2015-09-18"		"X"
		"ICDO3"		"X"	"9064/2"	"2015-09-18"		"X"
		"ICDO3"		"X"	"9186/3"	"2015-09-18"		"X"
		"ICDO3"		"X"	"9187/3"	"2015-09-18"		"X"
		"ICDO3"		"X"	"9191/0"	"2015-09-18"		"X"
		"ICDO3"		"X"	"9192/3"	"2015-09-18"		"X"
		"ICDO3"		"X"	"9193/3"	"2015-09-18"		"X"
		"ICDO3"		"X"	"9194/3"	"2015-09-18"		"X"
		"ICDO3"		"X"	"9195/3"	"2015-09-18"		"X"
		"ICDO3"		"X"	"9200/0"	"2015-09-18"		"X"
		"ICDO3"		"X"	"9200/1"	"2015-09-18"		"X"
		"ICDO3"		"X"	"9210/0"	"2015-09-18"		"X"
		"ICDO3"		"X"	"9210/1"	"2015-09-18"		"X"
		"ICDO3"		"X"	"9220/0"	"2015-09-18"		"X"
		"ICDO3"		"X"	"9220/1"	"2015-09-18"		"X"
		"ICDO3"		"X"	"9220/3"	"2015-09-18"		"X"
		"ICDO3"		"X"	"9221/0"	"2015-09-18"		"X"
		"ICDO3"		"X"	"9221/3"	"2015-09-18"		"X"
		"ICDO3"		"X"	"9230/0"	"2015-09-18"		"X"
		"ICDO3"		"X"	"9230/3"	"2015-09-18"		"X"
		"ICDO3"		"X"	"9231/3"	"2015-09-18"		"X"
		"ICDO3"		"X"	"9240/3"	"2015-09-18"		"X"
		"ICDO3"		"X"	"9241/0"	"2015-09-18"		"X"
		"ICDO3"		"X"	"9242/3"	"2015-09-18"		"X"
		"ICDO3"		"X"	"9243/3"	"2015-09-18"		"X"
		"ICDO3"		"X"	"9250/1"	"2015-09-18"		"X"
		"ICDO3"		"X"	"9250/3"	"2015-09-18"		"X"
		"ICDO3"		"X"	"9251/1"	"2015-09-18"		"X"
		"ICDO3"		"X"	"9251/3"	"2015-09-18"		"X"
		"ICDO3"		"X"	"9252/0"	"2015-09-18"		"X"
		"ICDO3"		"X"	"9252/3"	"2015-09-18"		"X"
		"ICDO3"		"X"	"9260/3"	"2015-09-18"		"X"
		"ICDO3"		"X"	"9261/3"	"2015-09-18"		"X"
		"ICDO3"		"X"	"9262/0"	"2015-09-18"		"X"
		"ICDO3"		"X"	"9500/3"	"2015-09-18"		"X"
		"ICDO3"		"X"	"9501/0"	"2015-09-18"		"X"
		"ICDO3"		"X"	"9501/3"	"2015-09-18"		"X"
		"ICDO3"		"X"	"9502/0"	"2015-09-18"		"X"
		"ICDO3"		"X"	"9502/3"	"2015-09-18"		"X"
		"ICDO3"		"X"	"9503/3"	"2015-09-18"		"X"
		"ICDO3"		"X"	"9504/3"	"2015-09-18"		"X"
		"ICDO3"		"X"	"9505/1"	"2015-09-18"		"X"
		"ICDO3"		"X"	"9505/3"	"2015-09-18"		"X"
		"ICDO3"		"X"	"9506/1"	"2015-09-18"		"X"
		"ICDO3"		"X"	"9507/0"	"2015-09-18"		"X"
		"ICDO3"		"X"	"9508/3"	"2015-09-18"		"X"
		"ICDO3"		"X"	"9510/0"	"2015-09-18"		"X"
		"ICDO3"		"X"	"9510/3"	"2015-09-18"		"X"
		"ICDO3"		"X"	"9511/3"	"2015-09-18"		"X"
		"ICDO3"		"X"	"9512/3"	"2015-09-18"		"X"
		"ICDO3"		"X"	"9513/3"	"2015-09-18"		"X"
		"ICDO3"		"X"	"9514/1"	"2015-09-18"		"X"
		"ICDO3"		"X"	"9520/3"	"2015-09-18"		"X"
		"ICDO3"		"X"	"9521/3"	"2015-09-18"		"X"
		"ICDO3"		"X"	"9522/3"	"2015-09-18"		"X"
		"ICDO3"		"X"	"9523/3"	"2015-09-18"		"X"
		"ICDO3"		"X"	"9530/0"	"2015-09-18"		"X"
		"ICDO3"		"X"	"9530/1"	"2015-09-18"		"X"
		"ICDO3"		"X"	"9530/3"	"2015-09-18"		"X"
		"ICDO3"		"X"	"9531/0"	"2015-09-18"		"X"
		"ICDO3"		"X"	"9532/0"	"2015-09-18"		"X"
		"ICDO3"		"X"	"9533/0"	"2015-09-18"		"X"
		"ICDO3"		"X"	"9534/0"	"2015-09-18"		"X"
		"ICDO3"		"X"	"9535/0"	"2015-09-18"		"X"
		"ICDO3"		"X"	"9537/0"	"2015-09-18"		"X"
		"ICDO3"		"X"	"9538/1"	"2015-09-18"		"X"
		"ICDO3"		"X"	"9538/3"	"2015-09-18"		"X"
		"ICDO3"		"X"	"9539/1"	"2015-09-18"		"X"
		"ICDO3"		"X"	"8361/0"	"2015-09-18"		"X"
		"ICDO3"		"X"	"8370/0"	"2015-09-18"		"X"
		"ICDO3"		"X"	"8370/3"	"2015-09-18"		"X"
		"ICDO3"		"X"	"8371/0"	"2015-09-18"		"X"
		"ICDO3"		"X"	"8372/0"	"2015-09-18"		"X"
		"ICDO3"		"X"	"8373/0"	"2015-09-18"		"X"
		"ICDO3"		"X"	"9680/3"	"2015-09-18"		"X"
		"ICDO3"		"X"	"9684/3"	"2015-09-18"		"X"
		"ICDO3"		"X"	"9687/3"	"2015-09-18"		"X"
		"ICDO3"		"X"	"9689/3"	"2015-09-18"		"X"
		"ICDO3"		"X"	"9690/3"	"2015-09-18"		"X"
		"ICDO3"		"X"	"9691/3"	"2015-09-18"		"X"
		"ICDO3"		"X"	"9695/3"	"2015-09-18"		"X"
		"ICDO3"		"X"	"9698/3"	"2015-09-18"		"X"
		"ICDO3"		"X"	"9699/3"	"2015-09-18"		"X"
		"ICDO3"		"X"	"9700/3"	"2015-09-18"		"X"
		"ICDO3"		"X"	"9701/3"	"2015-09-18"		"X"
		"ICDO3"		"X"	"9702/3"	"2015-09-18"		"X"
		"ICDO3"		"X"	"9705/3"	"2015-09-18"		"X"
		"ICDO3"		"X"	"9708/3"	"2015-09-18"		"X"
		"ICDO3"		"X"	"9709/3"	"2015-09-18"		"X"
		"ICDO3"		"X"	"9714/3"	"2015-09-18"		"X"
		"ICDO3"		"X"	"9716/3"	"2015-09-18"		"X"
		"ICDO3"		"X"	"9717/3"	"2015-09-18"		"X"
		"ICDO3"		"X"	"9718/3"	"2015-09-18"		"X"
		"ICDO3"		"X"	"9719/3"	"2015-09-18"		"X"
		"ICDO3"		"X"	"8374/0"	"2015-09-18"		"X"
		"ICDO3"		"X"	"8375/0"	"2015-09-18"		"X"
		"ICDO3"		"X"	"8380/0"	"2015-09-18"		"X"
		"ICDO3"		"X"	"8380/1"	"2015-09-18"		"X"
		"ICDO3"		"X"	"8380/3"	"2015-09-18"		"X"
		"ICDO3"		"X"	"8381/0"	"2015-09-18"		"X"
		"ICDO3"		"X"	"8381/1"	"2015-09-18"		"X"
		"ICDO3"		"X"	"8381/3"	"2015-09-18"		"X"
		"ICDO3"		"X"	"8382/3"	"2015-09-18"		"X"
		"ICDO3"		"X"	"8383/3"	"2015-09-18"		"X"
		"ICDO3"		"X"	"8384/3"	"2015-09-18"		"X"
		"ICDO3"		"X"	"8390/0"	"2015-09-18"		"X"
		"ICDO3"		"X"	"8390/3"	"2015-09-18"		"X"
		"ICDO3"		"X"	"8391/0"	"2015-09-18"		"X"
		"ICDO3"		"X"	"8392/0"	"2015-09-18"		"X"
		"ICDO3"		"X"	"8400/0"	"2015-09-18"		"X"
		"ICDO3"		"X"	"8400/1"	"2015-09-18"		"X"
		"ICDO3"		"X"	"8400/3"	"2015-09-18"		"X"
		"ICDO3"		"X"	"8401/0"	"2015-09-18"		"X"
		"ICDO3"		"X"	"8401/3"	"2015-09-18"		"X"
		"ICDO3"		"X"	"8402/0"	"2015-09-18"		"X"
		"ICDO3"		"X"	"8402/3"	"2015-09-18"		"X"
		"ICDO3"		"X"	"8403/0"	"2015-09-18"		"X"
		"ICDO3"		"X"	"8403/3"	"2015-09-18"		"X"
		"ICDO3"		"X"	"8404/0"	"2015-09-18"		"X"
		"ICDO3"		"X"	"8405/0"	"2015-09-18"		"X"
		"ICDO3"		"X"	"8406/0"	"2015-09-18"		"X"
		"ICDO3"		"X"	"8407/0"	"2015-09-18"		"X"
		"ICDO3"		"X"	"8407/3"	"2015-09-18"		"X"
		"ICDO3"		"X"	"8408/0"	"2015-09-18"		"X"
		"ICDO3"		"X"	"8408/1"	"2015-09-18"		"X"
		"ICDO3"		"X"	"8409/0"	"2015-09-18"		"X"
		"ICDO3"		"X"	"8480/0"	"2015-09-18"		"X"
		"ICDO3"		"X"	"8480/3"	"2015-09-18"		"X"
		"ICDO3"		"X"	"8480/6"	"2015-09-18"		"X"
		"ICDO3"		"X"	"8481/3"	"2015-09-18"		"X"
		"ICDO3"		"X"	"8482/3"	"2015-09-18"		"X"
		"ICDO3"		"X"	"8490/3"	"2015-09-18"		"X"
		"ICDO3"		"X"	"8490/6"	"2015-09-18"		"X"
		"ICDO3"		"X"	"8500/2"	"2015-09-18"		"X"
		"ICDO3"		"X"	"8500/3"	"2015-09-18"		"X"
		"ICDO3"		"X"	"8501/2"	"2015-09-18"		"X"
		"ICDO3"		"X"	"8501/3"	"2015-09-18"		"X"
		"ICDO3"		"X"	"8502/3"	"2015-09-18"		"X"
		"ICDO3"		"X"	"8503/0"	"2015-09-18"		"X"
		"ICDO3"		"X"	"8743/3"	"2015-09-18"		"X"
		"ICDO3"		"X"	"8744/3"	"2015-09-18"		"X"
		"ICDO3"		"X"	"8745/3"	"2015-09-18"		"X"
		"ICDO3"		"X"	"8746/3"	"2015-09-18"		"X"
		"ICDO3"		"X"	"8750/0"	"2015-09-18"		"X"
		"ICDO3"		"X"	"8760/0"	"2015-09-18"		"X"
		"ICDO3"		"X"	"8761/0"	"2015-09-18"		"X"
		"ICDO3"		"X"	"8761/1"	"2015-09-18"		"X"
		"ICDO3"		"X"	"8761/3"	"2015-09-18"		"X"
		"ICDO3"		"X"	"8000/1"	"2015-09-18"		"X"
		"ICDO3"		"X"	"8000/3"	"2015-09-18"		"X"
		"ICDO3"		"X"	"8000/6"	"2015-09-18"		"X"
		"ICDO3"		"X"	"8000/9"	"2015-09-18"		"X"
		"ICDO3"		"X"	"8001/0"	"2015-09-18"		"X"
		"ICDO3"		"X"	"8001/1"	"2015-09-18"		"X"
		"ICDO3"		"X"	"8001/3"	"2015-09-18"		"X"
		"ICDO3"		"X"	"8002/3"	"2015-09-18"		"X"
		"ICDO3"		"X"	"8003/3"	"2015-09-18"		"X"
		"ICDO3"		"X"	"8004/3"	"2015-09-18"		"X"
		"ICDO3"		"X"	"8005/0"	"2015-09-18"		"X"
		"ICDO3"		"X"	"8005/3"	"2015-09-18"		"X"
		"ICDO3"		"X"	"8010/0"	"2015-09-18"		"X"
		"ICDO3"		"X"	"8932/0"	"2015-09-18"		"X"
		"ICDO3"		"X"	"8933/3"	"2015-09-18"		"X"
		"ICDO3"		"X"	"8934/3"	"2015-09-18"		"X"
		"ICDO3"		"X"	"8935/0"	"2015-09-18"		"X"
		"ICDO3"		"X"	"8935/1"	"2015-09-18"		"X"
		"ICDO3"		"X"	"8935/3"	"2015-09-18"		"X"
		"ICDO3"		"X"	"9300/0"	"2015-09-18"		"X"
		"ICDO3"		"X"	"9301/0"	"2015-09-18"		"X"
		"ICDO3"		"X"	"9302/0"	"2015-09-18"		"X"
		"ICDO3"		"X"	"9310/0"	"2015-09-18"		"X"
		"ICDO3"		"X"	"9310/3"	"2015-09-18"		"X"
		"ICDO3"		"X"	"9311/0"	"2015-09-18"		"X"
		"ICDO3"		"X"	"9312/0"	"2015-09-18"		"X"
		"ICDO3"		"X"	"9320/0"	"2015-09-18"		"X"
		"ICDO3"		"X"	"9321/0"	"2015-09-18"		"X"
		"ICDO3"		"X"	"9322/0"	"2015-09-18"		"X"
		"ICDO3"		"X"	"9330/0"	"2015-09-18"		"X"
		"ICDO3"		"X"	"9330/3"	"2015-09-18"		"X"
		"ICDO3"		"X"	"8583/1"	"2015-09-18"		"X"
		"ICDO3"		"X"	"8583/3"	"2015-09-18"		"X"
		"ICDO3"		"X"	"8584/1"	"2015-09-18"		"X"
		"ICDO3"		"X"	"8584/3"	"2015-09-18"		"X"
		"ICDO3"		"X"	"8585/1"	"2015-09-18"		"X"
		"ICDO3"		"X"	"8585/3"	"2015-09-18"		"X"
		"ICDO3"		"X"	"8586/3"	"2015-09-18"		"X"
		"ICDO3"		"X"	"8587/0"	"2015-09-18"		"X"
		"ICDO3"		"X"	"8588/3"	"2015-09-18"		"X"
		"ICDO3"		"X"	"8589/3"	"2015-09-18"		"X"
		"ICDO3"		"X"	"8590/1"	"2015-09-18"		"X"
		"ICDO3"		"X"	"8591/1"	"2015-09-18"		"X"
		"ICDO3"		"X"	"8592/1"	"2015-09-18"		"X"
		"ICDO3"		"X"	"8593/1"	"2015-09-18"		"X"
		"ICDO3"		"X"	"8950/3"	"2015-09-18"		"X"
		"ICDO3"		"X"	"8951/3"	"2015-09-18"		"X"
		"ICDO3"		"X"	"8959/0"	"2015-09-18"		"X"
		"ICDO3"		"X"	"8959/1"	"2015-09-18"		"X"
		"ICDO3"		"X"	"8959/3"	"2015-09-18"		"X"
		"ICDO3"		"X"	"8960/1"	"2015-09-18"		"X"
		"ICDO3"		"X"	"8960/3"	"2015-09-18"		"X"
		"ICDO3"		"X"	"8963/3"	"2015-09-18"		"X"
		"ICDO3"		"X"	"9064/3"	"2015-09-18"		"X"
		"ICDO3"		"X"	"9065/3"	"2015-09-18"		"X"
		"ICDO3"		"X"	"9070/3"	"2015-09-18"		"X"
		"ICDO3"		"X"	"9071/3"	"2015-09-18"		"X"
		"ICDO3"		"X"	"9072/3"	"2015-09-18"		"X"
		"ICDO3"		"X"	"9073/1"	"2015-09-18"		"X"
		"ICDO3"		"X"	"9080/0"	"2015-09-18"		"X"
		"ICDO3"		"X"	"9080/1"	"2015-09-18"		"X"
		"ICDO3"		"X"	"9080/3"	"2015-09-18"		"X"
		"ICDO3"		"X"	"9081/3"	"2015-09-18"		"X"
		"ICDO3"		"X"	"9082/3"	"2015-09-18"		"X"
		"ICDO3"		"X"	"9083/3"	"2015-09-18"		"X"
		"ICDO3"		"X"	"9084/0"	"2015-09-18"		"X"
		"ICDO3"		"X"	"9084/3"	"2015-09-18"		"X"
		"ICDO3"		"X"	"9085/3"	"2015-09-18"		"X"
		"ICDO3"		"X"	"9090/0"	"2015-09-18"		"X"
		"ICDO3"		"X"	"9090/3"	"2015-09-18"		"X"
		"ICDO3"		"X"	"9091/1"	"2015-09-18"		"X"
		"ICDO3"		"X"	"9100/0"	"2015-09-18"		"X"
		"ICDO3"		"X"	"9100/1"	"2015-09-18"		"X"
		"ICDO3"		"X"	"9100/3"	"2015-09-18"		"X"
		"ICDO3"		"X"	"8503/2"	"2015-09-18"		"X"
		"ICDO3"		"X"	"8503/3"	"2015-09-18"		"X"
		"ICDO3"		"X"	"8504/0"	"2015-09-18"		"X"
		"ICDO3"		"X"	"8504/2"	"2015-09-18"		"X"
		"ICDO3"		"X"	"8504/3"	"2015-09-18"		"X"
		"ICDO3"		"X"	"8505/0"	"2015-09-18"		"X"
		"ICDO3"		"X"	"8506/0"	"2015-09-18"		"X"
		"ICDO3"		"X"	"8507/2"	"2015-09-18"		"X"
		"ICDO3"		"X"	"8508/3"	"2015-09-18"		"X"
		"ICDO3"		"X"	"8510/3"	"2015-09-18"		"X"
		"ICDO3"		"X"	"8512/3"	"2015-09-18"		"X"
		"ICDO3"		"X"	"8513/3"	"2015-09-18"		"X"
		"ICDO3"		"X"	"8514/3"	"2015-09-18"		"X"
		"ICDO3"		"X"	"8762/1"	"2015-09-18"		"X"
		"ICDO3"		"X"	"8770/0"	"2015-09-18"		"X"
		"ICDO3"		"X"	"8770/3"	"2015-09-18"		"X"
		"ICDO3"		"X"	"8771/0"	"2015-09-18"		"X"
		"ICDO3"		"X"	"8771/3"	"2015-09-18"		"X"
		"ICDO3"		"X"	"8772/0"	"2015-09-18"		"X"
		"ICDO3"		"X"	"8772/3"	"2015-09-18"		"X"
		"ICDO3"		"X"	"8773/3"	"2015-09-18"		"X"
		"ICDO3"		"X"	"8774/3"	"2015-09-18"		"X"
		"ICDO3"		"X"	"8780/0"	"2015-09-18"		"X"
		"ICDO3"		"X"	"8780/3"	"2015-09-18"		"X"
		"ICDO3"		"X"	"8790/0"	"2015-09-18"		"X"
		"ICDO3"		"X"	"8800/0"	"2015-09-18"		"X"
		"ICDO3"		"X"	"8730/3"	"2015-09-18"		"X"
		"ICDO3"		"X"	"8010/2"	"2015-09-18"		"X"
		"ICDO3"		"X"	"8010/3"	"2015-09-18"		"X"
		"ICDO3"		"X"	"8010/6"	"2015-09-18"		"X"
		"ICDO3"		"X"	"8010/9"	"2015-09-18"		"X"
		"ICDO3"		"X"	"8011/0"	"2015-09-18"		"X"
		"ICDO3"		"X"	"8011/3"	"2015-09-18"		"X"
		"ICDO3"		"X"	"8012/3"	"2015-09-18"		"X"
		"ICDO3"		"X"	"8013/3"	"2015-09-18"		"X"
		"ICDO3"		"X"	"8014/3"	"2015-09-18"		"X"
		"ICDO3"		"X"	"8015/3"	"2015-09-18"		"X"
		"ICDO3"		"X"	"8020/3"	"2015-09-18"		"X"
		"ICDO3"		"X"	"8021/3"	"2015-09-18"		"X"
		"ICDO3"		"X"	"8022/3"	"2015-09-18"		"X"
		"ICDO3"		"X"	"8030/3"	"2015-09-18"		"X"
		"ICDO3"		"X"	"8031/3"	"2015-09-18"		"X"
		"ICDO3"		"X"	"8032/3"	"2015-09-18"		"X"
		"ICDO3"		"X"	"8033/3"	"2015-09-18"		"X"
		"ICDO3"		"X"	"8034/3"	"2015-09-18"		"X"
		"ICDO3"		"X"	"8035/3"	"2015-09-18"		"X"
		"ICDO3"		"X"	"8040/0"	"2015-09-18"		"X"
		"ICDO3"		"X"	"8040/1"	"2015-09-18"		"X"
		"ICDO3"		"X"	"8041/3"	"2015-09-18"		"X"
		"ICDO3"		"X"	"8042/3"	"2015-09-18"		"X"
		"ICDO3"		"X"	"8043/3"	"2015-09-18"		"X"
		"ICDO3"		"X"	"8044/3"	"2015-09-18"		"X"
		"ICDO3"		"X"	"8045/3"	"2015-09-18"		"X"
		"ICDO3"		"X"	"8046/3"	"2015-09-18"		"X"
		"ICDO3"		"X"	"8050/0"	"2015-09-18"		"X"
		"ICDO3"		"X"	"8050/2"	"2015-09-18"		"X"
		"ICDO3"		"X"	"8050/3"	"2015-09-18"		"X"
		"ICDO3"		"X"	"8051/0"	"2015-09-18"		"X"
		"ICDO3"		"X"	"8051/3"	"2015-09-18"		"X"
		"ICDO3"		"X"	"8052/0"	"2015-09-18"		"X"
		"ICDO3"		"X"	"8052/2"	"2015-09-18"		"X"
		"ICDO3"		"X"	"8052/3"	"2015-09-18"		"X"
		"ICDO3"		"X"	"8053/0"	"2015-09-18"		"X"
		"ICDO3"		"X"	"8060/0"	"2015-09-18"		"X"
		"ICDO3"		"X"	"8070/2"	"2015-09-18"		"X"
		"ICDO3"		"X"	"8070/3"	"2015-09-18"		"X"
		"ICDO3"		"X"	"8070/6"	"2015-09-18"		"X"
		"ICDO3"		"X"	"8071/3"	"2015-09-18"		"X"
		"ICDO3"		"X"	"8072/3"	"2015-09-18"		"X"
		"ICDO3"		"X"	"8073/3"	"2015-09-18"		"X"
		"ICDO3"		"X"	"8074/3"	"2015-09-18"		"X"
		"ICDO3"		"X"	"8075/3"	"2015-09-18"		"X"
		"ICDO3"		"X"	"8076/2"	"2015-09-18"		"X"
		"ICDO3"		"X"	"8076/3"	"2015-09-18"		"X"
		"ICDO3"		"X"	"8077/2"	"2015-09-18"		"X"
		"ICDO3"		"X"	"8078/3"	"2015-09-18"		"X"
		"ICDO3"		"X"	"8080/2"	"2015-09-18"		"X"
		"ICDO3"		"X"	"8081/2"	"2015-09-18"		"X"
		"ICDO3"		"X"	"8082/3"	"2015-09-18"		"X"
		"ICDO3"		"X"	"8083/3"	"2015-09-18"		"X"
		"ICDO3"		"X"	"8084/3"	"2015-09-18"		"X"
		"ICDO3"		"X"	"8090/1"	"2015-09-18"		"X"
		"ICDO3"		"X"	"8090/3"	"2015-09-18"		"X"
		"ICDO3"		"X"	"8091/3"	"2015-09-18"		"X"
		"ICDO3"		"X"	"8092/3"	"2015-09-18"		"X"
		"ICDO3"		"X"	"8093/3"	"2015-09-18"		"X"
		"ICDO3"		"X"	"8094/3"	"2015-09-18"		"X"
		"ICDO3"		"X"	"8095/3"	"2015-09-18"		"X"
		"ICDO3"		"X"	"8096/0"	"2015-09-18"		"X"
		"ICDO3"		"X"	"8097/3"	"2015-09-18"		"X"
		"ICDO3"		"X"	"8098/3"	"2015-09-18"		"X"
		"ICDO3"		"X"	"8100/0"	"2015-09-18"		"X"
		"ICDO3"		"X"	"8101/0"	"2015-09-18"		"X"
		"ICDO3"		"X"	"8102/3"	"2015-09-18"		"X"
		"ICDO3"		"X"	"8103/0"	"2015-09-18"		"X"
		"ICDO3"		"X"	"8110/0"	"2015-09-18"		"X"
		"ICDO3"		"X"	"8344/3"	"2015-09-18"		"X"
		"ICDO3"		"X"	"8345/3"	"2015-09-18"		"X"
		"ICDO3"		"X"	"8346/3"	"2015-09-18"		"X"
		"ICDO3"		"X"	"8347/3"	"2015-09-18"		"X"
		"ICDO3"		"X"	"8350/3"	"2015-09-18"		"X"
		"ICDO3"		"X"	"8360/1"	"2015-09-18"		"X"
		"ICDO3"		"X"	"8120/0"	"2015-09-18"		"X"
		"ICDO3"		"X"	"8120/1"	"2015-09-18"		"X"
		"ICDO3"		"X"	"8120/2"	"2015-09-18"		"X"
		"ICDO3"		"X"	"8120/3"	"2015-09-18"		"X"
		"ICDO3"		"X"	"8121/0"	"2015-09-18"		"X"
		"ICDO3"		"X"	"8121/1"	"2015-09-18"		"X"
		"ICDO3"		"X"	"8121/3"	"2015-09-18"		"X"
		"ICDO3"		"X"	"8122/3"	"2015-09-18"		"X"
		"ICDO3"		"X"	"8123/3"	"2015-09-18"		"X"
		"ICDO3"		"X"	"8124/3"	"2015-09-18"		"X"
		"ICDO3"		"X"	"8130/1"	"2015-09-18"		"X"
		"ICDO3"		"X"	"8130/2"	"2015-09-18"		"X"
		"ICDO3"		"X"	"8130/3"	"2015-09-18"		"X"
		"ICDO3"		"X"	"8131/3"	"2015-09-18"		"X"
		"ICDO3"		"X"	"8140/0"	"2015-09-18"		"X"
		"ICDO3"		"X"	"8140/1"	"2015-09-18"		"X"
		"ICDO3"		"X"	"8140/2"	"2015-09-18"		"X"
		"ICDO3"		"X"	"8140/3"	"2015-09-18"		"X"
		"ICDO3"		"X"	"8140/6"	"2015-09-18"		"X"
		"ICDO3"		"X"	"8141/3"	"2015-09-18"		"X"
		"ICDO3"		"X"	"8142/3"	"2015-09-18"		"X"
		"ICDO3"		"X"	"8143/3"	"2015-09-18"		"X"
		"ICDO3"		"X"	"8144/3"	"2015-09-18"		"X"
		"ICDO3"		"X"	"8145/3"	"2015-09-18"		"X"
		"ICDO3"		"X"	"8146/0"	"2015-09-18"		"X"
		"ICDO3"		"X"	"8147/0"	"2015-09-18"		"X"
		"ICDO3"		"X"	"8147/3"	"2015-09-18"		"X"
		"ICDO3"		"X"	"8148/2"	"2015-09-18"		"X"
		"ICDO3"		"X"	"8149/0"	"2015-09-18"		"X"
		"ICDO3"		"X"	"8150/0"	"2015-09-18"		"X"
		"ICDO3"		"X"	"8150/1"	"2015-09-18"		"X"
		"ICDO3"		"X"	"8150/3"	"2015-09-18"		"X"
		"ICDO3"		"X"	"8151/0"	"2015-09-18"		"X"
		"ICDO3"		"X"	"8151/3"	"2015-09-18"		"X"
		"ICDO3"		"X"	"8152/1"	"2015-09-18"		"X"
		"ICDO3"		"X"	"8152/3"	"2015-09-18"		"X"
		"ICDO3"		"X"	"8153/1"	"2015-09-18"		"X"
		"ICDO3"		"X"	"8153/3"	"2015-09-18"		"X"
		"ICDO3"		"X"	"8154/3"	"2015-09-18"		"X"
		"ICDO3"		"X"	"8155/1"	"2015-09-18"		"X"
		"ICDO3"		"X"	"8155/3"	"2015-09-18"		"X"
		"ICDO3"		"X"	"8156/1"	"2015-09-18"		"X"
		"ICDO3"		"X"	"8156/3"	"2015-09-18"		"X"
		"ICDO3"		"X"	"8157/1"	"2015-09-18"		"X"
		"ICDO3"		"X"	"8157/3"	"2015-09-18"		"X"
		"ICDO3"		"X"	"8160/0"	"2015-09-18"		"X"
		"ICDO3"		"X"	"8160/3"	"2015-09-18"		"X"
		"ICDO3"		"X"	"8161/0"	"2015-09-18"		"X"
		"ICDO3"		"X"	"8161/3"	"2015-09-18"		"X"
		"ICDO3"		"X"	"8162/3"	"2015-09-18"		"X"
		"ICDO3"		"X"	"8170/0"	"2015-09-18"		"X"
		"ICDO3"		"X"	"8170/3"	"2015-09-18"		"X"
		"ICDO3"		"X"	"8171/3"	"2015-09-18"		"X"
		"ICDO3"		"X"	"8172/3"	"2015-09-18"		"X"
		"ICDO3"		"X"	"8173/3"	"2015-09-18"		"X"
		"ICDO3"		"X"	"8174/3"	"2015-09-18"		"X"
		"ICDO3"		"X"	"8175/3"	"2015-09-18"		"X"
		"ICDO3"		"X"	"8180/3"	"2015-09-18"		"X"
		"ICDO3"		"X"	"8190/0"	"2015-09-18"		"X"
		"ICDO3"		"X"	"8190/3"	"2015-09-18"		"X"
		"ICDO3"		"X"	"8191/0"	"2015-09-18"		"X"
		"ICDO3"		"X"	"8200/0"	"2015-09-18"		"X"
		"ICDO3"		"X"	"8200/3"	"2015-09-18"		"X"
		"ICDO3"		"X"	"8201/2"	"2015-09-18"		"X"
		"ICDO3"		"X"	"8201/3"	"2015-09-18"		"X"
		"ICDO3"		"X"	"8202/0"	"2015-09-18"		"X"
		"ICDO3"		"X"	"8204/0"	"2015-09-18"		"X"
		"ICDO3"		"X"	"8210/0"	"2015-09-18"		"X"
		"ICDO3"		"X"	"8210/2"	"2015-09-18"		"X"
		"ICDO3"		"X"	"8210/3"	"2015-09-18"		"X"
		"ICDO3"		"X"	"8211/0"	"2015-09-18"		"X"
		"ICDO3"		"X"	"8211/3"	"2015-09-18"		"X"
		"ICDO3"		"X"	"8212/0"	"2015-09-18"		"X"
		"ICDO3"		"X"	"8213/0"	"2015-09-18"		"X"
		"ICDO3"		"X"	"8214/3"	"2015-09-18"		"X"
		"ICDO3"		"X"	"8244/3"	"2015-09-18"		"X"
		"ICDO3"		"X"	"8245/1"	"2015-09-18"		"X"
		"ICDO3"		"X"	"8245/3"	"2015-09-18"		"X"
		"ICDO3"		"X"	"8246/3"	"2015-09-18"		"X"
		"ICDO3"		"X"	"8247/3"	"2015-09-18"		"X"
		"ICDO3"		"X"	"8248/1"	"2015-09-18"		"X"
		"ICDO3"		"X"	"8249/3"	"2015-09-18"		"X"
		"ICDO3"		"X"	"8250/1"	"2015-09-18"		"X"
		"ICDO3"		"X"	"8250/3"	"2015-09-18"		"X"
		"ICDO3"		"X"	"8251/0"	"2015-09-18"		"X"
		"ICDO3"		"X"	"8251/3"	"2015-09-18"		"X"
		"ICDO3"		"X"	"8252/3"	"2015-09-18"		"X"
		"ICDO3"		"X"	"8253/3"	"2015-09-18"		"X"
		"ICDO3"		"X"	"8254/3"	"2015-09-18"		"X"
		"ICDO3"		"X"	"8255/3"	"2015-09-18"		"X"
		"ICDO3"		"X"	"8260/0"	"2015-09-18"		"X"
		"ICDO3"		"X"	"8260/3"	"2015-09-18"		"X"
		"ICDO3"		"X"	"8261/0"	"2015-09-18"		"X"
		"ICDO3"		"X"	"8261/2"	"2015-09-18"		"X"
		"ICDO3"		"X"	"8261/3"	"2015-09-18"		"X"
		"ICDO3"		"X"	"8262/3"	"2015-09-18"		"X"
		"ICDO3"		"X"	"8263/0"	"2015-09-18"		"X"
		"ICDO3"		"X"	"8263/2"	"2015-09-18"		"X"
		"ICDO3"		"X"	"8263/3"	"2015-09-18"		"X"
		"ICDO3"		"X"	"8264/0"	"2015-09-18"		"X"
		"ICDO3"		"X"	"8270/0"	"2015-09-18"		"X"
		"ICDO3"		"X"	"8270/3"	"2015-09-18"		"X"
		"ICDO3"		"X"	"8271/0"	"2015-09-18"		"X"
		"ICDO3"		"X"	"8272/0"	"2015-09-18"		"X"
		"ICDO3"		"X"	"8272/3"	"2015-09-18"		"X"
		"ICDO3"		"X"	"8280/0"	"2015-09-18"		"X"
		"ICDO3"		"X"	"8280/3"	"2015-09-18"		"X"
		"ICDO3"		"X"	"8281/0"	"2015-09-18"		"X"
		"ICDO3"		"X"	"8281/3"	"2015-09-18"		"X"
		"ICDO3"		"X"	"8290/0"	"2015-09-18"		"X"
		"ICDO3"		"X"	"8290/3"	"2015-09-18"		"X"
		"ICDO3"		"X"	"8300/0"	"2015-09-18"		"X"
		"ICDO3"		"X"	"8300/3"	"2015-09-18"		"X"
		"ICDO3"		"X"	"8310/0"	"2015-09-18"		"X"
		"ICDO3"		"X"	"8310/3"	"2015-09-18"		"X"
		"ICDO3"		"X"	"8311/1"	"2015-09-18"		"X"
		"ICDO3"		"X"	"8312/3"	"2015-09-18"		"X"
		"ICDO3"		"X"	"8313/0"	"2015-09-18"		"X"
		"ICDO3"		"X"	"8313/1"	"2015-09-18"		"X"
		"ICDO3"		"X"	"8313/3"	"2015-09-18"		"X"
		"ICDO3"		"X"	"8314/3"	"2015-09-18"		"X"
		"ICDO3"		"X"	"8315/3"	"2015-09-18"		"X"
		"ICDO3"		"X"	"8316/3"	"2015-09-18"		"X"
		"ICDO3"		"X"	"8317/3"	"2015-09-18"		"X"
		"ICDO3"		"X"	"8318/3"	"2015-09-18"		"X"
		"ICDO3"		"X"	"8319/3"	"2015-09-18"		"X"
		"ICDO3"		"X"	"8320/3"	"2015-09-18"		"X"
		"ICDO3"		"X"	"8321/0"	"2015-09-18"		"X"
		"ICDO3"		"X"	"8322/0"	"2015-09-18"		"X"
		"ICDO3"		"X"	"8322/3"	"2015-09-18"		"X"
		"ICDO3"		"X"	"8323/0"	"2015-09-18"		"X"
		"ICDO3"		"X"	"8323/3"	"2015-09-18"		"X"
		"ICDO3"		"X"	"8324/0"	"2015-09-18"		"X"
		"ICDO3"		"X"	"8325/0"	"2015-09-18"		"X"
		"ICDO3"		"X"	"8330/0"	"2015-09-18"		"X"
		"ICDO3"		"X"	"8330/1"	"2015-09-18"		"X"
		"ICDO3"		"X"	"9911/3"	"2015-09-18"		"X"
		"ICDO3"		"X"	"9712/3"	"2015-09-18"		"X"
		"ICDO3"		"X"	"9597/3"	"2015-09-18"		"X"
		"ICDO3"		"X"	"9738/3"	"2015-09-18"		"X"
		"ICDO3"		"X"	"9814/3"	"2015-09-18"		"X"
		"ICDO3"		"X"	"9898/1"	"2015-09-18"		"X"
		"ICDO3"		"X"	"9724/3"	"2015-09-18"		"X"
		"ICDO3"		"X"	"9818/3"	"2015-09-18"		"X"
		"ICDO3"		"X"	"9869/3"	"2015-09-18"		"X"
		"ICDO3"		"X"	"9395/3"	"2015-09-18"		"X"
		"ICDO3"		"X"	"8163/2"	"2015-09-18"		"X"
		"ICDO3"		"X"	"9735/3"	"2015-09-18"		"X"
		"ICDO3"		"X"	"9726/3"	"2015-09-18"		"X"
		"ICDO3"		"X"	"9809/3"	"2015-09-18"		"X"
		"ICDO3"		"X"	"9831/3"	"2015-09-18"		"X"
		"ICDO3"		"X"	"9966/3"	"2015-09-18"		"X"
		"ICDO3"		"X"	"9813/3"	"2015-09-18"		"X"
		"ICDO3"		"X"	"9725/3"	"2015-09-18"		"X"
		"ICDO3"		"X"	"9432/1"	"2015-09-18"		"X"
		"ICDO3"		"X"	"9817/3"	"2015-09-18"		"X"
		"ICDO3"		"X"	"9688/3"	"2015-09-18"		"X"
		"ICDO3"		"X"	"8148/0"	"2015-09-18"		"X"
		"ICDO3"		"X"	"8975/1"	"2015-09-18"		"X"
		"ICDO3"		"X"	"9991/3"	"2015-09-18"		"X"
		"ICDO3"		"X"	"9971/1"	"2015-09-18"		"X"
		"ICDO3"		"X"	"8213/3"	"2015-09-18"		"X"
		"ICDO3"		"X"	"8077/0"	"2015-09-18"		"X"
		"ICDO3"		"X"	"9808/3"	"2015-09-18"		"X"
		"ICDO3"		"X"	"9741/1"	"2015-09-18"		"X"
		"ICDO3"		"X"	"9759/3"	"2015-09-18"		"X"
		"ICDO3"		"X"	"9865/3"	"2015-09-18"		"X"
		"ICDO3"		"X"	"8163/3"	"2015-09-18"		"X"
		"ICDO3"		"X"	"9967/3"	"2015-09-18"		"X"
		"ICDO3"		"X"	"9425/3"	"2015-09-18"		"X"
		"ICDO3"		"X"	"9971/3"	"2015-09-18"		"X"
		"ICDO3"		"X"	"8552/3"	"2015-09-18"		"X"
		"ICDO3"		"X"	"9807/3"	"2015-09-18"		"X"
		"ICDO3"		"X"	"9965/3"	"2015-09-18"		"X"
		"ICDO3"		"X"	"9806/3"	"2015-09-18"		"X"
		"ICDO3"		"X"	"9816/3"	"2015-09-18"		"X"
		"ICDO3"		"X"	"9509/1"	"2015-09-18"		"X"
		"ICDO3"		"X"	"9992/3"	"2015-09-18"		"X"
		"ICDO3"		"X"	"9431/1"	"2015-09-18"		"X"
		"ICDO3"		"X"	"9812/3"	"2015-09-18"		"X"
		"ICDO3"		"X"	"9898/3"	"2015-09-18"		"X"
		"ICDO3"		"X"	"8964/3"	"2015-09-18"		"X"
		"ICDO3"		"X"	"8965/0"	"2015-09-18"		"X"
		"ICDO3"		"X"	"8966/0"	"2015-09-18"		"X"
		"ICDO3"		"X"	"8967/0"	"2015-09-18"		"X"
		"ICDO3"		"X"	"8970/3"	"2015-09-18"		"X"
		"ICDO3"		"X"	"8971/3"	"2015-09-18"		"X"
		"ICDO3"		"X"	"8972/3"	"2015-09-18"		"X"
		"ICDO3"		"X"	"8973/3"	"2015-09-18"		"X"
		"ICDO3"		"X"	"8974/1"	"2015-09-18"		"X"
		"ICDO3"		"X"	"8980/3"	"2015-09-18"		"X"
		"ICDO3"		"X"	"8981/3"	"2015-09-18"		"X"
		"ICDO3"		"X"	"8982/0"	"2015-09-18"		"X"
		"ICDO3"		"X"	"8982/3"	"2015-09-18"		"X"
		"ICDO3"		"X"	"8983/0"	"2015-09-18"		"X"
		"ICDO3"		"X"	"8990/0"	"2015-09-18"		"X"
		"ICDO3"		"X"	"8990/1"	"2015-09-18"		"X"
		"ICDO3"		"X"	"8990/3"	"2015-09-18"		"X"
		"ICDO3"		"X"	"8991/3"	"2015-09-18"		"X"
		"ICDO3"		"X"	"9000/0"	"2015-09-18"		"X"
		"ICDO3"		"X"	"9000/1"	"2015-09-18"		"X"
		"ICDO3"		"X"	"9000/3"	"2015-09-18"		"X"
		"ICDO3"		"X"	"9010/0"	"2015-09-18"		"X"
		"ICDO3"		"X"	"9011/0"	"2015-09-18"		"X"
		"ICDO3"		"X"	"9012/0"	"2015-09-18"		"X"
		"ICDO3"		"X"	"9013/0"	"2015-09-18"		"X"
		"ICDO3"		"X"	"9014/0"	"2015-09-18"		"X"
		"ICDO3"		"X"	"9014/1"	"2015-09-18"		"X"
		"ICDO3"		"X"	"9014/3"	"2015-09-18"		"X"
		"ICDO3"		"X"	"9015/0"	"2015-09-18"		"X"
		"ICDO3"		"X"	"9015/1"	"2015-09-18"		"X"
		"ICDO3"		"X"	"9015/3"	"2015-09-18"		"X"
		"ICDO3"		"X"	"9016/0"	"2015-09-18"		"X"
		"ICDO3"		"X"	"9020/0"	"2015-09-18"		"X"
		"ICDO3"		"X"	"9020/1"	"2015-09-18"		"X"
		"ICDO3"		"X"	"9020/3"	"2015-09-18"		"X"
		"ICDO3"		"X"	"9030/0"	"2015-09-18"		"X"
		"ICDO3"		"X"	"9040/0"	"2015-09-18"		"X"
		"ICDO3"		"X"	"9040/3"	"2015-09-18"		"X"
		"ICDO3"		"X"	"9041/3"	"2015-09-18"		"X"
		"ICDO3"		"X"	"9042/3"	"2015-09-18"		"X"
		"ICDO3"		"X"	"9043/3"	"2015-09-18"		"X"
		"ICDO3"		"X"	"9044/3"	"2015-09-18"		"X"
		"ICDO3"		"X"	"9050/0"	"2015-09-18"		"X"
		"ICDO3"		"X"	"9050/3"	"2015-09-18"		"X"
		"ICDO3"		"X"	"9051/0"	"2015-09-18"		"X"
		"ICDO3"		"X"	"9051/3"	"2015-09-18"		"X"
		"ICDO3"		"X"	"9052/0"	"2015-09-18"		"X"
		"ICDO3"		"X"	"9052/3"	"2015-09-18"		"X"
		"ICDO3"		"X"	"9101/3"	"2015-09-18"		"X"
		"ICDO3"		"X"	"9102/3"	"2015-09-18"		"X"
		"ICDO3"		"X"	"9103/0"	"2015-09-18"		"X"
		"ICDO3"		"X"	"9104/1"	"2015-09-18"		"X"
		"ICDO3"		"X"	"9105/3"	"2015-09-18"		"X"
		"ICDO3"		"X"	"9110/0"	"2015-09-18"		"X"
		"ICDO3"		"X"	"9110/1"	"2015-09-18"		"X"
		"ICDO3"		"X"	"9110/3"	"2015-09-18"		"X"
		"ICDO3"		"X"	"9120/0"	"2015-09-18"		"X"
		"ICDO3"		"X"	"9120/3"	"2015-09-18"		"X"
		"ICDO3"		"X"	"9121/0"	"2015-09-18"		"X"
		"ICDO3"		"X"	"9122/0"	"2015-09-18"		"X"
		"ICDO3"		"X"	"9123/0"	"2015-09-18"		"X"
		"ICDO3"		"X"	"9124/3"	"2015-09-18"		"X"
		"ICDO3"		"X"	"9125/0"	"2015-09-18"		"X"
		"ICDO3"		"X"	"9130/0"	"2015-09-18"		"X"
		"ICDO3"		"X"	"9130/1"	"2015-09-18"		"X"
		"ICDO3"		"X"	"9130/3"	"2015-09-18"		"X"
		"ICDO3"		"X"	"9131/0"	"2015-09-18"		"X"
		"ICDO3"		"X"	"9132/0"	"2015-09-18"		"X"
		"ICDO3"		"X"	"9133/1"	"2015-09-18"		"X"
		"ICDO3"		"X"	"9133/3"	"2015-09-18"		"X"
		"ICDO3"		"X"	"9135/1"	"2015-09-18"		"X"
		"ICDO3"		"X"	"9136/1"	"2015-09-18"		"X"
		"ICDO3"		"X"	"9140/3"	"2015-09-18"		"X"
		"ICDO3"		"X"	"9141/0"	"2015-09-18"		"X"
		"ICDO3"		"X"	"9142/0"	"2015-09-18"		"X"
		"ICDO3"		"X"	"9150/0"	"2015-09-18"		"X"
		"ICDO3"		"X"	"9150/1"	"2015-09-18"		"X"
		"ICDO3"		"X"	"9150/3"	"2015-09-18"		"X"
		"ICDO3"		"X"	"9160/0"	"2015-09-18"		"X"
		"ICDO3"		"X"	"9161/0"	"2015-09-18"		"X"
		"ICDO3"		"X"	"9161/1"	"2015-09-18"		"X"
		"ICDO3"		"X"	"9170/0"	"2015-09-18"		"X"
		"ICDO3"		"X"	"9170/3"	"2015-09-18"		"X"
		"ICDO3"		"X"	"9171/0"	"2015-09-18"		"X"
		"ICDO3"		"X"	"9172/0"	"2015-09-18"		"X"
		"ICDO3"		"X"	"9173/0"	"2015-09-18"		"X"
		"ICDO3"		"X"	"9174/0"	"2015-09-18"		"X"
		"ICDO3"		"X"	"9174/1"	"2015-09-18"		"X"
		"ICDO3"		"X"	"9175/0"	"2015-09-18"		"X"
		"ICDO3"		"X"	"9180/0"	"2015-09-18"		"X"
		"ICDO3"		"X"	"9180/3"	"2015-09-18"		"X"
		"ICDO3"		"X"	"9181/3"	"2015-09-18"		"X"
		"ICDO3"		"X"	"9182/3"	"2015-09-18"		"X"
		"ICDO3"		"X"	"9183/3"	"2015-09-18"		"X"
		"ICDO3"		"X"	"9184/3"	"2015-09-18"		"X"
		"ICDO3"		"X"	"9185/3"	"2015-09-18"		"X"
		"ICDO3"		"X"	"9270/0"	"2015-09-18"		"X"
		"ICDO3"		"X"	"9270/1"	"2015-09-18"		"X"
		"ICDO3"		"X"	"9270/3"	"2015-09-18"		"X"
		"ICDO3"		"X"	"9271/0"	"2015-09-18"		"X"
		"ICDO3"		"X"	"9272/0"	"2015-09-18"		"X"
		"ICDO3"		"X"	"9273/0"	"2015-09-18"		"X"
		"ICDO3"		"X"	"9274/0"	"2015-09-18"		"X"
		"ICDO3"		"X"	"9275/0"	"2015-09-18"		"X"
		"ICDO3"		"X"	"9280/0"	"2015-09-18"		"X"
		"ICDO3"		"X"	"9281/0"	"2015-09-18"		"X"
		"ICDO3"		"X"	"9282/0"	"2015-09-18"		"X"
		"ICDO3"		"X"	"9290/0"	"2015-09-18"		"X"
		"ICDO3"		"X"	"9290/3"	"2015-09-18"		"X"
		"ICDO3"		"X"	"9392/3"	"2015-09-18"		"X"
		"ICDO3"		"X"	"9393/3"	"2015-09-18"		"X"
		"ICDO3"		"X"	"9394/1"	"2015-09-18"		"X"
		"ICDO3"		"X"	"9400/3"	"2015-09-18"		"X"
		"ICDO3"		"X"	"9401/3"	"2015-09-18"		"X"
		"ICDO3"		"X"	"9410/3"	"2015-09-18"		"X"
		"ICDO3"		"X"	"9411/3"	"2015-09-18"		"X"
		"ICDO3"		"X"	"9412/1"	"2015-09-18"		"X"
		"ICDO3"		"X"	"9413/0"	"2015-09-18"		"X"
		"ICDO3"		"X"	"9420/3"	"2015-09-18"		"X"
		"ICDO3"		"X"	"9421/1"	"2015-09-18"		"X"
		"ICDO3"		"X"	"9423/3"	"2015-09-18"		"X"
		"ICDO3"		"X"	"9424/3"	"2015-09-18"		"X"
		"ICDO3"		"X"	"9430/3"	"2015-09-18"		"X"
		"ICDO3"		"X"	"9440/3"	"2015-09-18"		"X"
		"ICDO3"		"X"	"9441/3"	"2015-09-18"		"X"
		"ICDO3"		"X"	"9442/1"	"2015-09-18"		"X"
		"ICDO3"		"X"	"9442/3"	"2015-09-18"		"X"
		"ICDO3"		"X"	"9444/1"	"2015-09-18"		"X"
		"ICDO3"		"X"	"9450/3"	"2015-09-18"		"X"
		"ICDO3"		"X"	"9451/3"	"2015-09-18"		"X"
		"ICDO3"		"X"	"9460/3"	"2015-09-18"		"X"
		"ICDO3"		"X"	"9470/3"	"2015-09-18"		"X"
		"ICDO3"		"X"	"9471/3"	"2015-09-18"		"X"
		"ICDO3"		"X"	"9472/3"	"2015-09-18"		"X"
		"ICDO3"		"X"	"9473/3"	"2015-09-18"		"X"
		"ICDO3"		"X"	"9474/3"	"2015-09-18"		"X"
		"ICDO3"		"X"	"9480/3"	"2015-09-18"		"X"
		"ICDO3"		"X"	"9490/0"	"2015-09-18"		"X"
		"ICDO3"		"X"	"9490/3"	"2015-09-18"		"X"
		"ICDO3"		"X"	"9491/0"	"2015-09-18"		"X"
		"ICDO3"		"X"	"9492/0"	"2015-09-18"		"X"
		"ICDO3"		"X"	"9493/0"	"2015-09-18"		"X"
		"ICDO3"		"X"	"9651/3"	"2015-09-18"		"X"
		"ICDO3"		"X"	"9539/3"	"2015-09-18"		"X"
		"ICDO3"		"X"	"9540/0"	"2015-09-18"		"X"
		"ICDO3"		"X"	"9540/1"	"2015-09-18"		"X"
		"ICDO3"		"X"	"9540/3"	"2015-09-18"		"X"
		"ICDO3"		"X"	"9541/0"	"2015-09-18"		"X"
		"ICDO3"		"X"	"9550/0"	"2015-09-18"		"X"
		"ICDO3"		"X"	"9560/0"	"2015-09-18"		"X"
		"ICDO3"		"X"	"9560/1"	"2015-09-18"		"X"
		"ICDO3"		"X"	"9560/3"	"2015-09-18"		"X"
		"ICDO3"		"X"	"9561/3"	"2015-09-18"		"X"
		"ICDO3"		"X"	"9562/0"	"2015-09-18"		"X"
		"ICDO3"		"X"	"9570/0"	"2015-09-18"		"X"
		"ICDO3"		"X"	"9571/0"	"2015-09-18"		"X"
		"ICDO3"		"X"	"9571/3"	"2015-09-18"		"X"
		"ICDO3"		"X"	"9580/0"	"2015-09-18"		"X"
		"ICDO3"		"X"	"9580/3"	"2015-09-18"		"X"
		"ICDO3"		"X"	"9581/3"	"2015-09-18"		"X"
		"ICDO3"		"X"	"9582/0"	"2015-09-18"		"X"
		"ICDO3"		"X"	"9590/3"	"2015-09-18"		"X"
		"ICDO3"		"X"	"9591/3"	"2015-09-18"		"X"
		"ICDO3"		"X"	"9596/3"	"2015-09-18"		"X"
		"ICDO3"		"X"	"9650/3"	"2015-09-18"		"X"
		"ICDO3"		"X"	"9652/3"	"2015-09-18"		"X"
		"ICDO3"		"X"	"9653/3"	"2015-09-18"		"X"
		"ICDO3"		"X"	"9654/3"	"2015-09-18"		"X"
		"ICDO3"		"X"	"9655/3"	"2015-09-18"		"X"
		"ICDO3"		"X"	"9659/3"	"2015-09-18"		"X"
		"ICDO3"		"X"	"9661/3"	"2015-09-18"		"X"
		"ICDO3"		"X"	"9662/3"	"2015-09-18"		"X"
		"ICDO3"		"X"	"9663/3"	"2015-09-18"		"X"
		"ICDO3"		"X"	"9664/3"	"2015-09-18"		"X"
		"ICDO3"		"X"	"9665/3"	"2015-09-18"		"X"
		"ICDO3"		"X"	"9667/3"	"2015-09-18"		"X"
		"ICDO3"		"X"	"9670/3"	"2015-09-18"		"X"
		"ICDO3"		"X"	"9671/3"	"2015-09-18"		"X"
		"ICDO3"		"X"	"9673/3"	"2015-09-18"		"X"
		"ICDO3"		"X"	"9675/3"	"2015-09-18"		"X"
		"ICDO3"		"X"	"9678/3"	"2015-09-18"		"X"
		"ICDO3"		"X"	"9679/3"	"2015-09-18"		"X"
		"ICDO3"		"X"	"9727/3"	"2015-09-18"		"X"
		"ICDO3"		"X"	"9728/3"	"2015-09-18"		"X"
		"ICDO3"		"X"	"9729/3"	"2015-09-18"		"X"
		"ICDO3"		"X"	"9731/3"	"2015-09-18"		"X"
		"ICDO3"		"X"	"9732/3"	"2015-09-18"		"X"
		"ICDO3"		"X"	"9733/3"	"2015-09-18"		"X"
		"ICDO3"		"X"	"9734/3"	"2015-09-18"		"X"
		"ICDO3"		"X"	"9740/1"	"2015-09-18"		"X"
		"ICDO3"		"X"	"9740/3"	"2015-09-18"		"X"
		"ICDO3"		"X"	"9741/3"	"2015-09-18"		"X"
		"ICDO3"		"X"	"9742/3"	"2015-09-18"		"X"
		"ICDO3"		"X"	"9750/3"	"2015-09-18"		"X"
		"ICDO3"		"X"	"9752/1"	"2015-09-18"		"X"
		"ICDO3"		"X"	"9753/1"	"2015-09-18"		"X"
		"ICDO3"		"X"	"9754/3"	"2015-09-18"		"X"
		"ICDO3"		"X"	"9755/3"	"2015-09-18"		"X"
		"ICDO3"		"X"	"9756/3"	"2015-09-18"		"X"
		"ICDO3"		"X"	"9757/3"	"2015-09-18"		"X"
		"ICDO3"		"X"	"9758/3"	"2015-09-18"		"X"
		"ICDO3"		"X"	"9760/3"	"2015-09-18"		"X"
		"ICDO3"		"X"	"9761/3"	"2015-09-18"		"X"
		"ICDO3"		"X"	"9762/3"	"2015-09-18"		"X"
		"ICDO3"		"X"	"9764/3"	"2015-09-18"		"X"
		"ICDO3"		"X"	"9765/1"	"2015-09-18"		"X"
		"ICDO3"		"X"	"9766/1"	"2015-09-18"		"X"
		"ICDO3"		"X"	"9767/1"	"2015-09-18"		"X"
		"ICDO3"		"X"	"9768/1"	"2015-09-18"		"X"
		"ICDO3"		"X"	"9769/1"	"2015-09-18"		"X"
		"ICDO3"		"X"	"9800/3"	"2015-09-18"		"X"
		"ICDO3"		"X"	"9801/3"	"2015-09-18"		"X"
		"ICDO3"		"X"	"9805/3"	"2015-09-18"		"X"
		"ICDO3"		"X"	"9820/3"	"2015-09-18"		"X"
		"ICDO3"		"X"	"9823/3"	"2015-09-18"		"X"
		"ICDO3"		"X"	"9826/3"	"2015-09-18"		"X"
		"ICDO3"		"X"	"9827/3"	"2015-09-18"		"X"
		"ICDO3"		"X"	"9831/1"	"2015-09-18"		"X"
		"ICDO3"		"X"	"9832/3"	"2015-09-18"		"X"
		"ICDO3"		"X"	"9833/3"	"2015-09-18"		"X"
		"ICDO3"		"X"	"9834/3"	"2015-09-18"		"X"
		"ICDO3"		"X"	"9835/3"	"2015-09-18"		"X"
		"ICDO3"		"X"	"9836/3"	"2015-09-18"		"X"
		"ICDO3"		"X"	"9837/3"	"2015-09-18"		"X"
		"ICDO3"		"X"	"9840/3"	"2015-09-18"		"X"
		"ICDO3"		"X"	"9860/3"	"2015-09-18"		"X"
		"ICDO3"		"X"	"9861/3"	"2015-09-18"		"X"
		"ICDO3"		"X"	"9863/3"	"2015-09-18"		"X"
		"ICDO3"		"X"	"9866/3"	"2015-09-18"		"X"
		"ICDO3"		"X"	"9867/3"	"2015-09-18"		"X"
		"ICDO3"		"X"	"9870/3"	"2015-09-18"		"X"
		"ICDO3"		"X"	"9871/3"	"2015-09-18"		"X"
		"ICDO3"		"X"	"8408/3"	"2015-09-18"		"X"
		"ICDO3"		"X"	"8409/3"	"2015-09-18"		"X"
		"ICDO3"		"X"	"8410/0"	"2015-09-18"		"X"
		"ICDO3"		"X"	"8410/3"	"2015-09-18"		"X"
		"ICDO3"		"X"	"8413/3"	"2015-09-18"		"X"
		"ICDO3"		"X"	"8420/0"	"2015-09-18"		"X"
		"ICDO3"		"X"	"8420/3"	"2015-09-18"		"X"
		"ICDO3"		"X"	"8430/1"	"2015-09-18"		"X"
		"ICDO3"		"X"	"8430/3"	"2015-09-18"		"X"
		"ICDO3"		"X"	"8440/0"	"2015-09-18"		"X"
		"ICDO3"		"X"	"8440/3"	"2015-09-18"		"X"
		"ICDO3"		"X"	"8441/0"	"2015-09-18"		"X"
		"ICDO3"		"X"	"8442/1"	"2015-09-18"		"X"
		"ICDO3"		"X"	"8443/0"	"2015-09-18"		"X"
		"ICDO3"		"X"	"8444/1"	"2015-09-18"		"X"
		"ICDO3"		"X"	"8450/0"	"2015-09-18"		"X"
		"ICDO3"		"X"	"8450/3"	"2015-09-18"		"X"
		"ICDO3"		"X"	"8451/1"	"2015-09-18"		"X"
		"ICDO3"		"X"	"8452/1"	"2015-09-18"		"X"
		"ICDO3"		"X"	"8452/3"	"2015-09-18"		"X"
		"ICDO3"		"X"	"8453/0"	"2015-09-18"		"X"
		"ICDO3"		"X"	"8453/1"	"2015-09-18"		"X"
		"ICDO3"		"X"	"8453/2"	"2015-09-18"		"X"
		"ICDO3"		"X"	"8712/0"	"2015-09-18"		"X"
		"ICDO3"		"X"	"8453/3"	"2015-09-18"		"X"
		"ICDO3"		"X"	"8454/0"	"2015-09-18"		"X"
		"ICDO3"		"X"	"8460/0"	"2015-09-18"		"X"
		"ICDO3"		"X"	"8460/3"	"2015-09-18"		"X"
		"ICDO3"		"X"	"8461/0"	"2015-09-18"		"X"
		"ICDO3"		"X"	"8461/3"	"2015-09-18"		"X"
		"ICDO3"		"X"	"8462/1"	"2015-09-18"		"X"
		"ICDO3"		"X"	"8463/1"	"2015-09-18"		"X"
		"ICDO3"		"X"	"8470/0"	"2015-09-18"		"X"
		"ICDO3"		"X"	"8470/1"	"2015-09-18"		"X"
		"ICDO3"		"X"	"8470/2"	"2015-09-18"		"X"
		"ICDO3"		"X"	"8470/3"	"2015-09-18"		"X"
		"ICDO3"		"X"	"8471/0"	"2015-09-18"		"X"
		"ICDO3"		"X"	"8471/3"	"2015-09-18"		"X"
		"ICDO3"		"X"	"8472/1"	"2015-09-18"		"X"
		"ICDO3"		"X"	"8473/1"	"2015-09-18"		"X"
		"ICDO3"		"X"	"9872/3"	"2015-09-18"		"X"
		"ICDO3"		"X"	"9873/3"	"2015-09-18"		"X"
		"ICDO3"		"X"	"9874/3"	"2015-09-18"		"X"
		"ICDO3"		"X"	"9875/3"	"2015-09-18"		"X"
		"ICDO3"		"X"	"9876/3"	"2015-09-18"		"X"
		"ICDO3"		"X"	"9891/3"	"2015-09-18"		"X"
		"ICDO3"		"X"	"9895/3"	"2015-09-18"		"X"
		"ICDO3"		"X"	"9896/3"	"2015-09-18"		"X"
		"ICDO3"		"X"	"9897/3"	"2015-09-18"		"X"
		"ICDO3"		"X"	"9910/3"	"2015-09-18"		"X"
		"ICDO3"		"X"	"9920/3"	"2015-09-18"		"X"
		"ICDO3"		"X"	"9930/3"	"2015-09-18"		"X"
		"ICDO3"		"X"	"9931/3"	"2015-09-18"		"X"
		"ICDO3"		"X"	"9940/3"	"2015-09-18"		"X"
		"ICDO3"		"X"	"9945/3"	"2015-09-18"		"X"
		"ICDO3"		"X"	"9946/3"	"2015-09-18"		"X"
		"ICDO3"		"X"	"9948/3"	"2015-09-18"		"X"
		"ICDO3"		"X"	"9950/3"	"2015-09-18"		"X"
		"ICDO3"		"X"	"9960/3"	"2015-09-18"		"X"
		"ICDO3"		"X"	"9961/3"	"2015-09-18"		"X"
		"ICDO3"		"X"	"9962/3"	"2015-09-18"		"X"
		"ICDO3"		"X"	"9963/3"	"2015-09-18"		"X"
		"ICDO3"		"X"	"9964/3"	"2015-09-18"		"X"
		"ICDO3"		"X"	"9970/1"	"2015-09-18"		"X"
		"ICDO3"		"X"	"9975/1"	"2015-09-18"		"X"
		"ICDO3"		"X"	"9980/3"	"2015-09-18"		"X"
		"ICDO3"		"X"	"9982/3"	"2015-09-18"		"X"
		"ICDO3"		"X"	"9983/3"	"2015-09-18"		"X"
		"ICDO3"		"X"	"9984/3"	"2015-09-18"		"X"
		"ICDO3"		"X"	"9985/3"	"2015-09-18"		"X"
		"ICDO3"		"X"	"9986/3"	"2015-09-18"		"X"
		"ICDO3"		"X"	"9987/3"	"2015-09-18"		"X"
		"ICDO3"		"X"	"9989/3"	"2015-09-18"		"X"
		"ICDO3"		"X"	"9737/3"	"2015-09-18"		"X"
		"ICDO3"		"X"	"8158/1"	"2015-09-18"		"X"
		"ICDO3"		"X"	"8520/2"	"2015-09-18"		"X"
		"ICDO3"		"X"	"8520/3"	"2015-09-18"		"X"
		"ICDO3"		"X"	"8851/0"	"2015-09-18"		"X"
		"ICDO3"		"X"	"8851/3"	"2015-09-18"		"X"
		"ICDO3"		"X"	"8852/0"	"2015-09-18"		"X"
		"ICDO3"		"X"	"8852/3"	"2015-09-18"		"X"
		"ICDO3"		"X"	"8853/3"	"2015-09-18"		"X"
		"ICDO3"		"X"	"8854/0"	"2015-09-18"		"X"
		"ICDO3"		"X"	"8854/3"	"2015-09-18"		"X"
		"ICDO3"		"X"	"8855/3"	"2015-09-18"		"X"
		"ICDO3"		"X"	"8856/0"	"2015-09-18"		"X"
		"ICDO3"		"X"	"8857/0"	"2015-09-18"		"X"
		"ICDO3"		"X"	"8857/3"	"2015-09-18"		"X"
		"ICDO3"		"X"	"8858/3"	"2015-09-18"		"X"
		"ICDO3"		"X"	"8860/0"	"2015-09-18"		"X"
		"ICDO3"		"X"	"8861/0"	"2015-09-18"		"X"
		"ICDO3"		"X"	"8862/0"	"2015-09-18"		"X"
		"ICDO3"		"X"	"8870/0"	"2015-09-18"		"X"
		"ICDO3"		"X"	"8880/0"	"2015-09-18"		"X"
		"ICDO3"		"X"	"8881/0"	"2015-09-18"		"X"
		"ICDO3"		"X"	"8890/0"	"2015-09-18"		"X"
		"ICDO3"		"X"	"8890/1"	"2015-09-18"		"X"
		"ICDO3"		"X"	"8890/3"	"2015-09-18"		"X"
		"ICDO3"		"X"	"8891/0"	"2015-09-18"		"X"
		"ICDO3"		"X"	"8891/3"	"2015-09-18"		"X"
		"ICDO3"		"X"	"8892/0"	"2015-09-18"		"X"
		"ICDO3"		"X"	"8893/0"	"2015-09-18"		"X"
		"ICDO3"		"X"	"8894/0"	"2015-09-18"		"X"
		"ICDO3"		"X"	"8894/3"	"2015-09-18"		"X"
		"ICDO3"		"X"	"8895/0"	"2015-09-18"		"X"
		"ICDO3"		"X"	"8895/3"	"2015-09-18"		"X"
		"ICDO3"		"X"	"8896/3"	"2015-09-18"		"X"
		"ICDO3"		"X"	"8897/1"	"2015-09-18"		"X"
		"ICDO3"		"X"	"8898/1"	"2015-09-18"		"X"
		"ICDO3"		"X"	"8900/0"	"2015-09-18"		"X"
		"ICDO3"		"X"	"8900/3"	"2015-09-18"		"X"
		"ICDO3"		"X"	"8901/3"	"2015-09-18"		"X"
		"ICDO3"		"X"	"8902/3"	"2015-09-18"		"X"
		"ICDO3"		"X"	"8903/0"	"2015-09-18"		"X"
		"ICDO3"		"X"	"8904/0"	"2015-09-18"		"X"
		"ICDO3"		"X"	"8905/0"	"2015-09-18"		"X"
		"ICDO3"		"X"	"8910/3"	"2015-09-18"		"X"
		"ICDO3"		"X"	"8912/3"	"2015-09-18"		"X"
		"ICDO3"		"X"	"8920/3"	"2015-09-18"		"X"
		"ICDO3"		"X"	"8921/3"	"2015-09-18"		"X"
		"ICDO3"		"X"	"8740/0"	"2015-09-18"		"X"
		"ICDO3"		"X"	"8740/3"	"2015-09-18"		"X"
		"ICDO3"		"X"	"8741/2"	"2015-09-18"		"X"
		"ICDO3"		"X"	"8741/3"	"2015-09-18"		"X"
		"ICDO3"		"X"	"8742/2"	"2015-09-18"		"X"
		"ICDO3"		"X"	"8742/3"	"2015-09-18"		"X"
		"ICDO3"		"X"	"8800/3"	"2015-09-18"		"X"
		"ICDO3"		"X"	"8800/9"	"2015-09-18"		"X"
		"ICDO3"		"X"	"8801/3"	"2015-09-18"		"X"
		"ICDO3"		"X"	"8802/3"	"2015-09-18"		"X"
		"ICDO3"		"X"	"8803/3"	"2015-09-18"		"X"
		"ICDO3"		"X"	"8804/3"	"2015-09-18"		"X"
		"ICDO3"		"X"	"8805/3"	"2015-09-18"		"X"
		"ICDO3"		"X"	"8806/3"	"2015-09-18"		"X"
		"ICDO3"		"X"	"8810/0"	"2015-09-18"		"X"
		"ICDO3"		"X"	"8810/1"	"2015-09-18"		"X"
		"ICDO3"		"X"	"8810/3"	"2015-09-18"		"X"
		"ICDO3"		"X"	"8811/0"	"2015-09-18"		"X"
		"ICDO3"		"X"	"8811/3"	"2015-09-18"		"X"
		"ICDO3"		"X"	"8812/0"	"2015-09-18"		"X"
		"ICDO3"		"X"	"8812/3"	"2015-09-18"		"X"
		"ICDO3"		"X"	"8813/0"	"2015-09-18"		"X"
		"ICDO3"		"X"	"8813/3"	"2015-09-18"		"X"
		"ICDO3"		"X"	"8814/3"	"2015-09-18"		"X"
		"ICDO3"		"X"	"8815/0"	"2015-09-18"		"X"
		"ICDO3"		"X"	"8815/3"	"2015-09-18"		"X"
		"ICDO3"		"X"	"8820/0"	"2015-09-18"		"X"
		"ICDO3"		"X"	"8821/1"	"2015-09-18"		"X"
		"ICDO3"		"X"	"8822/1"	"2015-09-18"		"X"
		"ICDO3"		"X"	"8823/0"	"2015-09-18"		"X"
		"ICDO3"		"X"	"8824/0"	"2015-09-18"		"X"
		"ICDO3"		"X"	"8824/1"	"2015-09-18"		"X"
		"ICDO3"		"X"	"8825/0"	"2015-09-18"		"X"
		"ICDO3"		"X"	"8825/1"	"2015-09-18"		"X"
		"ICDO3"		"X"	"8826/0"	"2015-09-18"		"X"
		"ICDO3"		"X"	"8827/1"	"2015-09-18"		"X"
		"ICDO3"		"X"	"8830/0"	"2015-09-18"		"X"
		"ICDO3"		"X"	"8830/1"	"2015-09-18"		"X"
		"ICDO3"		"X"	"8830/3"	"2015-09-18"		"X"
		"ICDO3"		"X"	"8831/0"	"2015-09-18"		"X"
		"ICDO3"		"X"	"8832/0"	"2015-09-18"		"X"
		"ICDO3"		"X"	"8832/3"	"2015-09-18"		"X"
		"ICDO3"		"X"	"8833/3"	"2015-09-18"		"X"
		"ICDO3"		"X"	"8834/1"	"2015-09-18"		"X"
		"ICDO3"		"X"	"8835/1"	"2015-09-18"		"X"
		"ICDO3"		"X"	"8836/1"	"2015-09-18"		"X"
		"ICDO3"		"X"	"8840/0"	"2015-09-18"		"X"
		"ICDO3"		"X"	"8840/3"	"2015-09-18"		"X"
		"ICDO3"		"X"	"8841/1"	"2015-09-18"		"X"
		"ICDO3"		"X"	"8842/0"	"2015-09-18"		"X"
		"ICDO3"		"X"	"8850/0"	"2015-09-18"		"X"
		"ICDO3"		"X"	"8850/1"	"2015-09-18"		"X"
		"ICDO3"		"X"	"8850/3"	"2015-09-18"		"X"
		"ICDO3"		"X"	"8936/0"	"2015-09-18"		"X"
		"ICDO3"		"X"	"8936/1"	"2015-09-18"		"X"
		"ICDO3"		"X"	"8936/3"	"2015-09-18"		"X"
		"ICDO3"		"X"	"8940/0"	"2015-09-18"		"X"
		"ICDO3"		"X"	"8940/3"	"2015-09-18"		"X"
		"ICDO3"		"X"	"8941/3"	"2015-09-18"		"X"
		"ICDO3"		"X"	"8930/0"	"2015-09-18"		"X"
		"ICDO3"		"X"	"8930/3"	"2015-09-18"		"X"
		"ICDO3"		"X"	"8931/3"	"2015-09-18"		"X"
		"ICDO3"		"X"	"8000/0"	"2015-09-18"		"X"
		"ICDO3"		"X"	"9340/0"	"2015-09-18"		"X"
		"ICDO3"		"X"	"9341/1"	"2015-09-18"		"X"
		"ICDO3"		"X"	"9342/3"	"2015-09-18"		"X"
		"ICDO3"		"X"	"9350/1"	"2015-09-18"		"X"
		"ICDO3"		"X"	"9351/1"	"2015-09-18"		"X"
		"ICDO3"		"X"	"9352/1"	"2015-09-18"		"X"
		"ICDO3"		"X"	"9360/1"	"2015-09-18"		"X"
		"ICDO3"		"X"	"9361/1"	"2015-09-18"		"X"
		"ICDO3"		"X"	"9362/3"	"2015-09-18"		"X"
		"ICDO3"		"X"	"9363/0"	"2015-09-18"		"X"
		"ICDO3"		"X"	"9364/3"	"2015-09-18"		"X"
		"ICDO3"		"X"	"9365/3"	"2015-09-18"		"X"
		"ICDO3"		"X"	"9370/3"	"2015-09-18"		"X"
		"ICDO3"		"X"	"9371/3"	"2015-09-18"		"X"
		"ICDO3"		"X"	"9372/3"	"2015-09-18"		"X"
		"ICDO3"		"X"	"9373/0"	"2015-09-18"		"X"
		"ICDO3"		"X"	"9380/3"	"2015-09-18"		"X"
		"ICDO3"		"X"	"9381/3"	"2015-09-18"		"X"
		"ICDO3"		"X"	"9382/3"	"2015-09-18"		"X"
		"ICDO3"		"X"	"9383/1"	"2015-09-18"		"X"
		"ICDO3"		"X"	"9384/1"	"2015-09-18"		"X"
		"ICDO3"		"X"	"9390/0"	"2015-09-18"		"X"
		"ICDO3"		"X"	"9390/1"	"2015-09-18"		"X"
		"ICDO3"		"X"	"9390/3"	"2015-09-18"		"X"
		"ICDO3"		"X"	"9391/3"	"2015-09-18"		"X"
		"ICDO3"		"X"	"8521/3"	"2015-09-18"		"X"
		"ICDO3"		"X"	"8522/2"	"2015-09-18"		"X"
		"ICDO3"		"X"	"8522/3"	"2015-09-18"		"X"
		"ICDO3"		"X"	"8523/3"	"2015-09-18"		"X"
		"ICDO3"		"X"	"8524/3"	"2015-09-18"		"X"
		"ICDO3"		"X"	"8525/3"	"2015-09-18"		"X"
		"ICDO3"		"X"	"8530/3"	"2015-09-18"		"X"
		"ICDO3"		"X"	"8540/3"	"2015-09-18"		"X"
		"ICDO3"		"X"	"8541/3"	"2015-09-18"		"X"
		"ICDO3"		"X"	"8542/3"	"2015-09-18"		"X"
		"ICDO3"		"X"	"8543/3"	"2015-09-18"		"X"
		"ICDO3"		"X"	"8550/0"	"2015-09-18"		"X"
		"ICDO3"		"X"	"8550/1"	"2015-09-18"		"X"
		"ICDO3"		"X"	"8550/3"	"2015-09-18"		"X"
		"ICDO3"		"X"	"8551/3"	"2015-09-18"		"X"
		"ICDO3"		"X"	"8560/0"	"2015-09-18"		"X"
		"ICDO3"		"X"	"8560/3"	"2015-09-18"		"X"
		"ICDO3"		"X"	"8561/0"	"2015-09-18"		"X"
		"ICDO3"		"X"	"8562/3"	"2015-09-18"		"X"
		"ICDO3"		"X"	"8570/3"	"2015-09-18"		"X"
		"ICDO3"		"X"	"8571/3"	"2015-09-18"		"X"
		"ICDO3"		"X"	"8572/3"	"2015-09-18"		"X"
		"ICDO3"		"X"	"8573/3"	"2015-09-18"		"X"
		"ICDO3"		"X"	"8574/3"	"2015-09-18"		"X"
		"ICDO3"		"X"	"8575/3"	"2015-09-18"		"X"
		"ICDO3"		"X"	"8576/3"	"2015-09-18"		"X"
		"ICDO3"		"X"	"8580/0"	"2015-09-18"		"X"
		"ICDO3"		"X"	"8580/1"	"2015-09-18"		"X"
		"ICDO3"		"X"	"8580/3"	"2015-09-18"		"X"
		"ICDO3"		"X"	"8581/1"	"2015-09-18"		"X"
		"ICDO3"		"X"	"8581/3"	"2015-09-18"		"X"
		"ICDO3"		"X"	"8582/1"	"2015-09-18"		"X"
		"ICDO3"		"X"	"8582/3"	"2015-09-18"		"X"
		"ICDO3"		"X"	"8600/0"	"2015-09-18"		"X"
		"ICDO3"		"X"	"8600/3"	"2015-09-18"		"X"
		"ICDO3"		"X"	"8601/0"	"2015-09-18"		"X"
		"ICDO3"		"X"	"8602/0"	"2015-09-18"		"X"
		"ICDO3"		"X"	"8610/0"	"2015-09-18"		"X"
		"ICDO3"		"X"	"8620/1"	"2015-09-18"		"X"
		"ICDO3"		"X"	"8620/3"	"2015-09-18"		"X"
		"ICDO3"		"X"	"8621/1"	"2015-09-18"		"X"
		"ICDO3"		"X"	"8622/1"	"2015-09-18"		"X"
		"ICDO3"		"X"	"8623/1"	"2015-09-18"		"X"
		"ICDO3"		"X"	"8630/0"	"2015-09-18"		"X"
		"ICDO3"		"X"	"8630/1"	"2015-09-18"		"X"
		"ICDO3"		"X"	"8630/3"	"2015-09-18"		"X"
		"ICDO3"		"X"	"8631/0"	"2015-09-18"		"X"
		"ICDO3"		"X"	"8631/1"	"2015-09-18"		"X"
		"ICDO3"		"X"	"8631/3"	"2015-09-18"		"X"
		"ICDO3"		"X"	"8632/1"	"2015-09-18"		"X"
		"ICDO3"		"X"	"8633/1"	"2015-09-18"		"X"
		"ICDO3"		"X"	"8634/1"	"2015-09-18"		"X"
		"ICDO3"		"X"	"8634/3"	"2015-09-18"		"X"
		"ICDO3"		"X"	"8640/1"	"2015-09-18"		"X"
		"ICDO3"		"X"	"8640/3"	"2015-09-18"		"X"
		"ICDO3"		"X"	"8641/0"	"2015-09-18"		"X"
		"ICDO3"		"X"	"8642/1"	"2015-09-18"		"X"
		"ICDO3"		"X"	"8650/0"	"2015-09-18"		"X"
		"ICDO3"		"X"	"8650/1"	"2015-09-18"		"X"
		"ICDO3"		"X"	"8650/3"	"2015-09-18"		"X"
		"ICDO3"		"X"	"8660/0"	"2015-09-18"		"X"
		"ICDO3"		"X"	"8670/0"	"2015-09-18"		"X"
		"ICDO3"		"X"	"8670/3"	"2015-09-18"		"X"
		"ICDO3"		"X"	"8671/0"	"2015-09-18"		"X"
		"ICDO3"		"X"	"8680/0"	"2015-09-18"		"X"
		"ICDO3"		"X"	"8680/1"	"2015-09-18"		"X"
		"ICDO3"		"X"	"8680/3"	"2015-09-18"		"X"
		"ICDO3"		"X"	"8681/1"	"2015-09-18"		"X"
		"ICDO3"		"X"	"8682/1"	"2015-09-18"		"X"
		"ICDO3"		"X"	"8683/0"	"2015-09-18"		"X"
		"ICDO3"		"X"	"8690/1"	"2015-09-18"		"X"
		"ICDO3"		"X"	"8691/1"	"2015-09-18"		"X"
		"ICDO3"		"X"	"8692/1"	"2015-09-18"		"X"
		"ICDO3"		"X"	"8693/1"	"2015-09-18"		"X"
		"ICDO3"		"X"	"8693/3"	"2015-09-18"		"X"
		"ICDO3"		"X"	"8700/0"	"2015-09-18"		"X"
		"ICDO3"		"X"	"8700/3"	"2015-09-18"		"X"
		"ICDO3"		"X"	"8710/3"	"2015-09-18"		"X"
		"ICDO3"		"X"	"8711/0"	"2015-09-18"		"X"
		"ICDO3"		"X"	"8711/3"	"2015-09-18"		"X"
		"ICDO3"		"X"	"8713/0"	"2015-09-18"		"X"
		"ICDO3"		"X"	"8720/0"	"2015-09-18"		"X"
		"ICDO3"		"X"	"8720/2"	"2015-09-18"		"X"
		"ICDO3"		"X"	"8720/3"	"2015-09-18"		"X"
		"ICDO3"		"X"	"8721/3"	"2015-09-18"		"X"
		"ICDO3"		"X"	"8722/0"	"2015-09-18"		"X"
		"ICDO3"		"X"	"8722/3"	"2015-09-18"		"X"
		"ICDO3"		"X"	"8723/0"	"2015-09-18"		"X"
		"ICDO3"		"X"	"8723/3"	"2015-09-18"		"X"
		"ICDO3"		"X"	"8725/0"	"2015-09-18"		"X"
		"ICDO3"		"X"	"8726/0"	"2015-09-18"		"X"
		"ICDO3"		"X"	"8727/0"	"2015-09-18"		"X"
		"ICDO3"		"X"	"8728/0"	"2015-09-18"		"X"
		"ICDO3"		"X"	"8248/3"	"2015-09-18"		"X"
		"ICDO3"		"X"	"8241/6"	"2015-09-18"		"X"
		"ICDO3"		"X"	"8343/2"	"2015-09-18"		"X"
		"ICDO3"		"X"	"8060/3"	"2015-09-18"		"X"
		"ICDO3"		"X"	"8041/2"	"2015-09-18"		"X"
		"ICDO3"		"X"	"8000/2"	"2015-09-18"		"X"
		"ICDO3"		"X"	"8262/2"	"2015-09-18"		"X"
		"ICDO3"		"X"	"8255/2"	"2015-09-18"		"X"
		"ICDO3"		"X"	"8562/2"	"2015-09-18"		"X"
		"ICDO3"		"X"	"9530/9"	"2015-09-18"		"X"
		"ICDO3"		"X"	"8249/6"	"2015-09-18"		"X"
		"ICDO3"		"X"	"9550/1"	"2015-09-18"		"X"
		"ICDO3"		"X"	"8083/2"	"2015-09-18"		"X"
		"ICDO3"		"X"	"8490/0"	"2015-09-18"		"X"
		"ICDO3"		"X"	"8490/2"	"2015-09-18"		"X"
		"ICDO3"		"X"	"8241/0"	"2015-09-18"		"X"
		"ICDO3"		"X"	"9080/2"	"2015-09-18"		"X"
		"ICDO3"		"X"	"8050/1"	"2015-09-18"		"X"
		"ICDO3"		"X"	"9999/9"	"2015-09-18"		"X"
		"ICDO3"		"X"	"8244/2"	"2015-09-18"		"X"
		"ICDO3"		"X"	"9550/3"	"2015-09-18"		"X"
		"ICDO3"		"X"	"9084/2"	"2015-09-18"		"X"
		"ICDO3"		"X"	"8242/0"	"2015-09-18"		"X"
		"ICDO3"		"X"	"8330/2"	"2015-09-18"		"X"
		"ICDO3"		"X"	"9350/0"	"2015-09-18"		"X"
		"ICDO3"		"X"	"8442/2"	"2015-09-18"		"X"
		"ICDO3"		"X"	"9351/3"	"2015-09-18"		"X"
		"ICDO3"		"X"	"8821/3"	"2015-09-18"		"X"
		"ICDO3"		"X"	"9351/0"	"2015-09-18"		"X"
		"ICDO3"		"X"	"8462/2"	"2015-09-18"		"X"
		"ICDO3"		"X"	"9100/2"	"2015-09-18"		"X"
		"ICDO3"		"X"	"9350/3"	"2015-09-18"		"X"
		"ICDO3"		"X"	"8121/2"	"2015-09-18"		"X"
		"ICDO3"		"X"	"8593/3"	"2015-09-18"		"X"
		"ICDO3"		"X"	"8072/2"	"2015-09-18"		"X"
		"ICDO3"		"X"	"9352/0"	"2015-09-18"		"X"
		"ICDO3"		"X"	"8153/0"	"2015-09-18"		"X"
		"ICDO3"		"X"	"8590/3"	"2015-09-18"		"X"
		"ICDO3"		"X"	"8400/2"	"2015-09-18"		"X"
		"ICDO3"		"X"	"8146/3"	"2015-09-18"		"X"
		"ICDO3"		"X"	"8480/2"	"2015-09-18"		"X"
		"ICDO3"		"X"	"8481/2"	"2015-09-18"		"X"
		"ICDO3"		"X"	"8550/2"	"2015-09-18"		"X"
		"ICDO3"		"X"	"8140/9"	"2015-09-18"		"X"
		"ICDO3"		"X"	"8053/3"	"2015-09-18"		"X"
		"ICDO3"		"X"	"8240/0"	"2015-09-18"		"X"
		"ICDO3"		"X"	"8560/2"	"2015-09-18"		"X"
		"ICDO3"		"X"	"9989/1"	"2015-09-18"		"X"
		"ICDO3"		"X"	"9413/1"	"2015-09-18"		"X"
		"ICDO3"		"X"	"8261/1"	"2015-09-18"		"X"
		"ICDO3"		"X"	"8070/9"	"2015-09-18"		"X"
		"ICDO3"		"X"	"8430/2"	"2015-09-18"		"X"
		"ICDO3"		"X"	"8146/2"	"2015-09-18"		"X"
		"ICDO3"		"X"	"8141/2"	"2015-09-18"		"X"
		"ICDO3"		"X"	"8245/6"	"2015-09-18"		"X"
		"ICDO3"		"X"	"8836/3"	"2015-09-18"		"X"
		"ICDO3"		"X"	"8211/2"	"2015-09-18"		"X"
		"ICDO3"		"X"	"8574/2"	"2015-09-18"		"X"
		"ICDO3"		"X"	"8075/2"	"2015-09-18"		"X"
		"ICDO3"		"X"	"9505/0"	"2015-09-18"		"X"
		"ICDO3"		"X"	"8310/2"	"2015-09-18"		"X"
		"ICDO3"		"X"	"8213/2"	"2015-09-18"		"X"
		"ICDO3"		"X"	"8451/3"	"2015-09-18"		"X"
		"ICDO3"		"X"	"9539/0"	"2015-09-18"		"X"
		"ICDO3"		"X"	"8761/2"	"2015-09-18"		"X"
		"ICDO3"		"X"	"8822/3"	"2015-09-18"		"X"
		"ICDO3"		"X"	"9538/0"	"2015-09-18"		"X"
		"ICDO3"		"X"	"9073/3"	"2015-09-18"		"X"
		"ICDO3"		"X"	"9101/2"	"2015-09-18"		"X"
		"ICDO3"		"X"	"8463/3"	"2015-09-18"		"X"
		"ICDO3"		"X"	"9161/3"	"2015-09-18"		"X"
		"ICDO3"		"X"	"9014/2"	"2015-09-18"		"X"
		"ICDO3"		"X"	"8473/2"	"2015-09-18"		"X"
		"ICDO3"		"X"	"9091/3"	"2015-09-18"		"X"
		"ICDO3"		"X"	"9413/3"	"2015-09-18"		"X"
		"ICDO3"		"X"	"8143/2"	"2015-09-18"		"X"
		"ICDO3"		"X"	"8572/0"	"2015-09-18"		"X"
		"ICDO3"		"X"	"8022/2"	"2015-09-18"		"X"
		"ICDO3"		"X"	"9506/3"	"2015-09-18"		"X"
		"ICDO3"		"X"	"9533/1"	"2015-09-18"		"X"
		"ICDO3"		"X"	"9970/3"	"2015-09-18"		"X"
		"ICDO3"		"X"	"8040/3"	"2015-09-18"		"X"
		"ICDO3"		"X"	"8835/3"	"2015-09-18"		"X"
		"ICDO3"		"X"	"8440/2"	"2015-09-18"		"X"
		"ICDO3"		"X"	"8323/2"	"2015-09-18"		"X"
		"ICDO3"		"X"	"9054/3"	"2015-09-18"		"X"
		"ICDO3"		"X"	"9085/2"	"2015-09-18"		"X"
		"ICDO3"		"X"	"8800/6"	"2015-09-18"		"X"
		"ICDO3"		"X"	"8246/2"	"2015-09-18"		"X"
		"ICDO3"		"X"	"8031/2"	"2015-09-18"		"X"
		"ICDO3"		"X"	"9734/1"	"2015-09-18"		"X"
		"ICDO3"		"X"	"8243/6"	"2015-09-18"		"X"
		"ICDO3"		"X"	"8242/6"	"2015-09-18"		"X"
		"ICDO3"		"X"	"9562/3"	"2015-09-18"		"X"
		"ICDO3"		"X"	"8074/2"	"2015-09-18"		"X"
		"ICDO3"		"X"	"8824/3"	"2015-09-18"		"X"
		"ICDO3"		"X"	"8632/3"	"2015-09-18"		"X"
		"ICDO3"		"X"	"9104/3"	"2015-09-18"		"X"
		"ICDO3"		"X"	"8004/0"	"2015-09-18"		"X"
		"ICDO3"		"X"	"9360/3"	"2015-09-18"		"X"
		"ICDO3"		"X"	"8936/2"	"2015-09-18"		"X"
		"ICDO3"		"X"	"9361/3"	"2015-09-18"		"X"
		"ICDO3"		"X"	"8090/2"	"2015-09-18"		"X"
		"ICDO3"		"X"	"9506/0"	"2015-09-18"		"X"
		"ICDO3"		"X"	"8240/6"	"2015-09-18"		"X"
		"ICDO3"		"X"	"8462/3"	"2015-09-18"		"X"
		"ICDO3"		"X"	"9360/0"	"2015-09-18"		"X"
		"ICDO3"		"X"	"8622/3"	"2015-09-18"		"X"
		"ICDO3"		"X"	"8243/2"	"2015-09-18"		"X"
		"ICDO3"		"X"	"8950/1"	"2015-09-18"		"X"
		"ICDO3"		"X"	"8200/2"	"2015-09-18"		"X"
		"ICDO3"		"X"	"8032/2"	"2015-09-18"		"X"
		"ICDO3"		"X"	"9590/9"	"2015-09-18"		"X"
		"ICDO3"		"X"	"9986/1"	"2015-09-18"		"X"
		"ICDO3"		"X"	"9769/3"	"2015-09-18"		"X"
		"ICDO3"		"X"	"8571/2"	"2015-09-18"		"X"
		"ICDO3"		"X"	"9300/3"	"2015-09-18"		"X"
		"ICDO3"		"X"	"8011/2"	"2015-09-18"		"X"
		"ICDO3"		"X"	"8030/2"	"2015-09-18"		"X"
		"ICDO3"		"X"	"8082/2"	"2015-09-18"		"X"
		"ICDO3"		"X"	"8260/2"	"2015-09-18"		"X"
		"ICDO3"		"X"	"8041/6"	"2015-09-18"		"X"
		"ICDO3"		"X"	"9950/1"	"2015-09-18"		"X"
		"ICDO3"		"X"	"8570/2"	"2015-09-18"		"X"
		"ICDO3"		"X"	"8573/2"	"2015-09-18"		"X"
		"ICDO3"		"X"	"9383/3"	"2015-09-18"		"X"
		"ICDO3"		"X"	"9500/2"	"2015-09-18"		"X"
		"ICDO3"		"X"	"8473/3"	"2015-09-18"		"X"
		"ICDO3"		"X"	"8442/3"	"2015-09-18"		"X"
		"ICDO3"		"X"	"9200/3"	"2015-09-18"		"X"
		"ICDO3"		"X"	"8472/2"	"2015-09-18"		"X"
		"ICDO3"		"X"	"9055/3"	"2015-09-18"		"X"
		"ICDO3"		"X"	"8580/2"	"2015-09-18"		"X"
		"ICDO3"		"X"	"9571/1"	"2015-09-18"		"X"
		"ICDO3"		"X"	"8012/2"	"2015-09-18"		"X"
		"ICDO3"		"X"	"8381/2"	"2015-09-18"		"X"
		"ICDO3"		"X"	"8051/2"	"2015-09-18"		"X"
		"ICDO3"		"X"	"9393/1"	"2015-09-18"		"X"
		"ICDO3"		"X"	"8246/6"	"2015-09-18"		"X"
		"ICDO3"		"X"	"8033/2"	"2015-09-18"		"X"
		"ICDO3"		"X"	"9070/2"	"2015-09-18"		"X"
		"ICDO3"		"X"	"8073/2"	"2015-09-18"		"X"
		"ICDO3"		"X"	"9380/1"	"2015-09-18"		"X"
		"ICDO3"		"X"	"8540/2"	"2015-09-18"		"X"
		"ICDO3"		"X"	"8521/2"	"2015-09-18"		"X"
		"ICDO3"		"X"	"8826/3"	"2015-09-18"		"X"
		"ICDO3"		"X"	"8771/2"	"2015-09-18"		"X"
		"ICDO3"		"X"	"8160/2"	"2015-09-18"		"X"
		"ICDO3"		"X"	"9401/0"	"2015-09-18"		"X"
		"ICDO3"		"X"	"8401/2"	"2015-09-18"		"X"
		"ICDO3"		"X"	"8370/2"	"2015-09-18"		"X"
		"ICDO3"		"X"	"8743/2"	"2015-09-18"		"X"
		"ICDO3"		"X"	"8721/2"	"2015-09-18"		"X"
		"ICDO3"		"X"	"8145/2"	"2015-09-18"		"X"
		"ICDO3"		"X"	"8524/2"	"2015-09-18"		"X"
		"ICDO3"		"X"	"8770/2"	"2015-09-18"		"X"
		"ICDO3"		"X"	"8124/2"	"2015-09-18"		"X"
		"ICDO3"		"X"	"9321/3"	"2015-09-18"		"X"
		"ICDO3"		"X"	"8390/2"	"2015-09-18"		"X"
		"ICDO3"		"X"	"8290/2"	"2015-09-18"		"X"
		"ICDO3"		"X"	"8726/3"	"2015-09-18"		"X"
		"ICDO3"		"X"	"8170/2"	"2015-09-18"		"X"
		"ICDO3"		"X"	"8831/3"	"2015-09-18"		"X"
		"ICDO3"		"X"	"9531/3"	"2015-09-18"		"X"
		"ICDO3"		"X"	"8542/2"	"2015-09-18"		"X"
		"ICDO3"		"X"	"9382/0"	"2015-09-18"		"X"
		"ICDO3"		"X"	"8823/3"	"2015-09-18"		"X"
		"ICDO3"		"X"	"9363/3"	"2015-09-18"		"X"
		"ICDO3"		"X"	"8443/3"	"2015-09-18"		"X"
		"ICDO3"		"X"	"9103/3"	"2015-09-18"		"X"
		"ICDO3"		"X"	"8760/3"	"2015-09-18"		"X"
		"ICDO3"		"X"	"9081/2"	"2015-09-18"		"X"
		"ICDO3"		"X"	"8220/2"	"2015-09-18"		"X"
		"ICDO3"		"X"	"8081/3"	"2015-09-18"		"X"
		"ICDO3"		"X"	"8760/2"	"2015-09-18"		"X"
		"ICDO3"		"X"	"8042/2"	"2015-09-18"		"X"
		"ICDO3"		"X"	"9380/0"	"2015-09-18"		"X"
		"ICDO3"		"X"	"8252/2"	"2015-09-18"		"X"
		"ICDO3"		"X"	"8247/6"	"2015-09-18"		"X"
		"ICDO3"		"X"	"8123/2"	"2015-09-18"		"X"
		"ICDO3"		"X"	"8683/3"	"2015-09-18"		"X"
		"ICDO3"		"X"	"8712/3"	"2015-09-18"		"X"
		"ICDO3"		"X"	"8523/2"	"2015-09-18"		"X"
		"ICDO3"		"X"	"8402/2"	"2015-09-18"		"X"
		"ICDO3"		"X"	"8745/2"	"2015-09-18"		"X"
		"ICDO3"		"X"	"8727/3"	"2015-09-18"		"X"
		"ICDO3"		"X"	"8271/3"	"2015-09-18"		"X"
		"ICDO3"		"X"	"8722/2"	"2015-09-18"		"X"
		"ICDO3"		"X"	"8512/2"	"2015-09-18"		"X"
		"ICDO3"		"X"	"9160/3"	"2015-09-18"		"X"
		"ICDO3"		"X"	"8450/2"	"2015-09-18"		"X"
		"ICDO3"		"X"	"8384/2"	"2015-09-18"		"X"
		"ICDO3"		"X"	"9535/3"	"2015-09-18"		"X"
		"ICDO3"		"X"	"8144/2"	"2015-09-18"		"X"
		"ICDO3"		"X"	"9534/3"	"2015-09-18"		"X"
		"ICDO3"		"X"	"8746/2"	"2015-09-18"		"X"
		"ICDO3"		"X"	"9537/3"	"2015-09-18"		"X"
		"ICDO3"		"X"	"9063/2"	"2015-09-18"		"X"
		"ICDO3"		"X"	"8247/2"	"2015-09-18"		"X"
		"ICDO3"		"X"	"8461/2"	"2015-09-18"		"X"
		"ICDO3"		"X"	"8723/2"	"2015-09-18"		"X"
		"ICDO3"		"X"	"8893/3"	"2015-09-18"		"X"
		"ICDO3"		"X"	"9531/1"	"2015-09-18"		"X"
		"ICDO3"		"X"	"8342/2"	"2015-09-18"		"X"
		"ICDO3"		"X"	"8860/3"	"2015-09-18"		"X"
		"ICDO3"		"X"	"9282/3"	"2015-09-18"		"X"
		"ICDO3"		"X"	"9532/3"	"2015-09-18"		"X"
		"ICDO3"		"X"	"9393/0"	"2015-09-18"		"X"
		"ICDO3"		"X"	"8543/2"	"2015-09-18"		"X"
		"ICDO3"		"X"	"8471/2"	"2015-09-18"		"X"
		"ICDO3"		"X"	"9500/0"	"2015-09-18"		"X"
		"ICDO3"		"X"	"9060/2"	"2015-09-18"		"X"
		"ICDO3"		"X"	"9312/3"	"2015-09-18"		"X"
		"ICDO3"		"X"	"8091/2"	"2015-09-18"		"X"
		"ICDO3"		"X"	"8790/3"	"2015-09-18"		"X"
		"ICDO3"		"X"	"8312/2"	"2015-09-18"		"X"
		"ICDO3"		"X"	"8077/3"	"2015-09-18"		"X"
		"ICDO3"		"X"	"8561/3"	"2015-09-18"		"X"
		"ICDO3"		"X"	"8941/2"	"2015-09-18"		"X"
		"ICDO3"		"X"	"9533/3"	"2015-09-18"		"X"
		"ICDO3"		"X"	"9381/0"	"2015-09-18"		"X"
		"ICDO3"		"X"	"9061/2"	"2015-09-18"		"X"
		"ICDO3"		"X"	"9125/3"	"2015-09-18"		"X"
		"ICDO3"		"X"	"8740/2"	"2015-09-18"		"X"
		"ICDO3"		"X"	"8103/3"	"2015-09-18"		"X"
		"ICDO3"		"X"	"8335/2"	"2015-09-18"		"X"
		"ICDO3"		"X"	"8502/2"	"2015-09-18"		"X"
		"ICDO3"		"X"	"8744/2"	"2015-09-18"		"X"
		"ICDO3"		"X"	"8508/2"	"2015-09-18"		"X"
		"ICDO3"		"X"	"9400/1"	"2015-09-18"		"X"
		"ICDO3"		"X"	"8510/2"	"2015-09-18"		"X"
		"ICDO3"		"X"	"8272/1"	"2015-09-18"		"X"
		"ICDO3"		"X"	"8325/3"	"2015-09-18"		"X"
		"ICDO3"		"X"	"8094/2"	"2015-09-18"		"X"
		"ICDO3"		"X"	"8410/2"	"2015-09-18"		"X"
		"ICDO3"		"X"	"8270/1"	"2015-09-18"		"X"
		"ICDO3"		"X"	"8897/3"	"2015-09-18"		"X"
		"ICDO3"		"X"	"8444/3"	"2015-09-18"		"X"
		"ICDO3"		"X"	"9121/1"	"2015-09-18"		"X"
		"ICDO3"		"X"	"9421/3"	"2015-09-18"		"X"
		"ICDO3"		"X"	"8621/3"	"2015-09-18"		"X"
		"ICDO3"		"X"	"8472/3"	"2015-09-18"		"X"
		"ICDO3"		"X"	"8623/3"	"2015-09-18"		"X"
		"ICDO3"		"X"	"9394/3"	"2015-09-18"		"X"
		"ICDO3"		"X"	"8221/2"	"2015-09-18"		"X"
		"ICDO3"		"X"	"8131/2"	"2015-09-18"		"X"
		"ICDO3"		"X"	"8240/2"	"2015-09-18"		"X"
		"ICDO3"		"X"	"8841/3"	"2015-09-18"		"X"
		"ICDO3"		"X"	"9384/3"	"2015-09-18"		"X"
		"ICDO3"		"X"	"8602/3"	"2015-09-18"		"X"
		"ICDO3"		"X"	"8772/2"	"2015-09-18"		"X"
		"ICDO3"		"X"	"8382/2"	"2015-09-18"		"X"
		"ICDO3"		"X"	"8341/2"	"2015-09-18"		"X"
		"ICDO3"		"X"	"8340/2"	"2015-09-18"		"X"
		"ICDO3"		"X"	"9440/0"	"2015-09-18"		"X"
		"ICDO3"		"X"	"9013/3"	"2015-09-18"		"X"
		"ICDO3"		"X"	"8316/2"	"2015-09-18"		"X"
		"ICDO3"		"X"	"8046/2"	"2015-09-18"		"X"
		"ICDO3"		"X"	"9440/1"	"2015-09-18"		"X"
		"ICDO3"		"X"	"8080/3"	"2015-09-18"		"X"
		"ICDO3"		"X"	"9450/0"	"2015-09-18"		"X"
		"ICDO3"		"X"	"9751/1"	"2015-09-18"		"X"
		"ICDO3"		"X"	"8825/3"	"2015-09-18"		"X"
		"ICDO3"		"X"	"8690/3"	"2015-09-18"		"X"
		"ICDO3"		"X"	"8250/2"	"2015-09-18"		"X"
		"ICDO3"		"X"	"8842/3"	"2015-09-18"		"X"
		"ICDO3"		"X"	"9718/1"	"2015-09-18"		"X"
		"ICDO3"		"X"	"9766/3"	"2015-09-18"		"X"
		"ICDO3"		"X"	"8691/3"	"2015-09-18"		"X"
		"ICDO3"		"X"	"8692/3"	"2015-09-18"		"X"
		"ICDO3"		"X"	"8380/2"	"2015-09-18"		"X"
		"ICDO3"		"X"	"8071/2"	"2015-09-18"		"X"
		"ICDO3"		"X"	"8823/1"	"2015-09-18"		"X"
		"ICDO3"		"X"	"8406/3"	"2015-09-18"		"X"
		"ICDO3"		"X"	"8441/2"	"2015-09-18"		"X"
		"ICDO3"		"X"	"8983/3"	"2015-09-18"		"X"
		"ICDO3"		"X"	"8507/3"	"2015-09-18"		"X"
		"ICDO3"		"X"	"8409/2"	"2015-09-18"		"X"
		"ICDO3"		"X"	"8253/2"	"2015-09-18"		"X"
		"ICDO3"		"X"	"9391/1"	"2015-09-18"		"X"
		"ICDO3"		"X"	"8100/3"	"2015-09-18"		"X"
		"ICDO3"		"X"	"8460/2"	"2015-09-18"		"X"
		"ICDO3"		"X"	"8023/3"	"2015-09-18"		"X"
		"ICDO3"		"X"	"8054/0"	"2015-09-18"		"X"
		"ICDO3"		"X"	"8054/3"	"2015-09-18"		"X"
		"ICDO3"		"X"	"8070/0"	"2015-09-18"		"X"
		"ICDO3"		"X"	"8072/0"	"2015-09-18"		"X"
		"ICDO3"		"X"	"8084/0"	"2015-09-18"		"X"
		"ICDO3"		"X"	"8085/3"	"2015-09-18"		"X"
		"ICDO3"		"X"	"8086/3"	"2015-09-18"		"X"
		"ICDO3"		"X"	"8103/1"	"2015-09-18"		"X"
		"ICDO3"		"X"	"8104/0"	"2015-09-18"		"X"
		"ICDO3"		"X"	"8144/0"	"2015-09-18"		"X"
		"ICDO3"		"X"	"8158/3"	"2015-09-18"		"X"
		"ICDO3"		"X"	"8250/0"	"2015-09-18"		"X"
		"ICDO3"		"X"	"8256/3"	"2015-09-18"		"X"
		"ICDO3"		"X"	"8257/3"	"2015-09-18"		"X"
		"ICDO3"		"X"	"8260/1"	"2015-09-18"		"X"
		"ICDO3"		"X"	"8273/3"	"2015-09-18"		"X"
		"ICDO3"		"X"	"8311/3"	"2015-09-18"		"X"
		"ICDO3"		"X"	"8316/1"	"2015-09-18"		"X"
		"ICDO3"		"X"	"8323/1"	"2015-09-18"		"X"
		"ICDO3"		"X"	"8335/1"	"2015-09-18"		"X"
		"ICDO3"		"X"	"8336/1"	"2015-09-18"		"X"
		"ICDO3"		"X"	"8339/3"	"2015-09-18"		"X"
		"ICDO3"		"X"	"8348/1"	"2015-09-18"		"X"
		"ICDO3"		"X"	"8349/1"	"2015-09-18"		"X"
		"ICDO3"		"X"	"8474/0"	"2015-09-18"		"X"
		"ICDO3"		"X"	"8474/1"	"2015-09-18"		"X"
		"ICDO3"		"X"	"8474/3"	"2015-09-18"		"X"
		"ICDO3"		"X"	"8509/2"	"2015-09-18"		"X"
		"ICDO3"		"X"	"8509/3"	"2015-09-18"		"X"
		"ICDO3"		"X"	"8519/2"	"2015-09-18"		"X"
		"ICDO3"		"X"	"8563/0"	"2015-09-18"		"X"
		"ICDO3"		"X"	"8590/0"	"2015-09-18"		"X"
		"ICDO3"		"X"	"8594/1"	"2015-09-18"		"X"
		"ICDO3"		"X"	"8622/0"	"2015-09-18"		"X"
		"ICDO3"		"X"	"8643/1"	"2015-09-18"		"X"
		"ICDO3"		"X"	"8681/3"	"2015-09-18"		"X"
		"ICDO3"		"X"	"8682/3"	"2015-09-18"		"X"
		"ICDO3"		"X"	"8711/1"	"2015-09-18"		"X"
		"ICDO3"		"X"	"8714/0"	"2015-09-18"		"X"
		"ICDO3"		"X"	"8714/3"	"2015-09-18"		"X"
		"ICDO3"		"X"	"8742/0"	"2015-09-18"		"X"
		"ICDO3"		"X"	"8744/0"	"2015-09-18"		"X"
		"ICDO3"		"X"	"8780/1"	"2015-09-18"		"X"
		"ICDO3"		"X"	"8802/1"	"2015-09-18"		"X"
		"ICDO3"		"X"	"8811/1"	"2015-09-18"		"X"
		"ICDO3"		"X"	"8813/1"	"2015-09-18"		"X"
		"ICDO3"		"X"	"8815/1"	"2015-09-18"		"X"
		"ICDO3"		"X"	"8816/0"	"2015-09-18"		"X"
		"ICDO3"		"X"	"8817/0"	"2015-09-18"		"X"
		"ICDO3"		"X"	"8818/0"	"2015-09-18"		"X"
		"ICDO3"		"X"	"8828/0"	"2015-09-18"		"X"
		"ICDO3"		"X"	"8832/1"	"2015-09-18"		"X"
		"ICDO3"		"X"	"8833/1"	"2015-09-18"		"X"
		"ICDO3"		"X"	"8841/0"	"2015-09-18"		"X"
		"ICDO3"		"X"	"8851/1"	"2015-09-18"		"X"
		"ICDO3"		"X"	"8860/1"	"2015-09-18"		"X"
		"ICDO3"		"X"	"8896/0"	"2015-09-18"		"X"
		"ICDO3"		"X"	"8992/0"	"2015-09-18"		"X"
		"ICDO3"		"X"	"9045/3"	"2015-09-18"		"X"
		"ICDO3"		"X"	"9052/1"	"2015-09-18"		"X"
		"ICDO3"		"X"	"9086/3"	"2015-09-18"		"X"
		"ICDO3"		"X"	"9126/0"	"2015-09-18"		"X"
		"ICDO3"		"X"	"9137/0"	"2015-09-18"		"X"
		"ICDO3"		"X"	"9137/3"	"2015-09-18"		"X"
		"ICDO3"		"X"	"9138/1"	"2015-09-18"		"X"
		"ICDO3"		"X"	"9211/0"	"2015-09-18"		"X"
		"ICDO3"		"X"	"9212/0"	"2015-09-18"		"X"
		"ICDO3"		"X"	"9213/0"	"2015-09-18"		"X"
		"ICDO3"		"X"	"9222/1"	"2015-09-18"		"X"
		"ICDO3"		"X"	"9230/1"	"2015-09-18"		"X"
		"ICDO3"		"X"	"9252/1"	"2015-09-18"		"X"
		"ICDO3"		"X"	"9260/0"	"2015-09-18"		"X"
		"ICDO3"		"X"	"9302/3"	"2015-09-18"		"X"
		"ICDO3"		"X"	"9341/3"	"2015-09-18"		"X"
		"ICDO3"		"X"	"9370/0"	"2015-09-18"		"X"
		"ICDO3"		"X"	"9385/3"	"2015-09-18"		"X"
		"ICDO3"		"X"	"9396/3"	"2015-09-18"		"X"
		"ICDO3"		"X"	"9445/3"	"2015-09-18"		"X"
		"ICDO3"		"X"	"9475/3"	"2015-09-18"		"X"
		"ICDO3"		"X"	"9476/3"	"2015-09-18"		"X"
		"ICDO3"		"X"	"9477/3"	"2015-09-18"		"X"
		"ICDO3"		"X"	"9478/3"	"2015-09-18"		"X"
		"ICDO3"		"X"	"9542/3"	"2015-09-18"		"X"
		"ICDO3"		"X"	"9563/0"	"2015-09-18"		"X"
		"ICDO3"		"X"	"9591/1"	"2015-09-18"		"X"
		"ICDO3"		"X"	"9673/1"	"2015-09-18"		"X"
		"ICDO3"		"X"	"9680/1"	"2015-09-18"		"X"
		"ICDO3"		"X"	"9695/1"	"2015-09-18"		"X"
		"ICDO3"		"X"	"9702/1"	"2015-09-18"		"X"
		"ICDO3"		"X"	"9709/1"	"2015-09-18"		"X"
		"ICDO3"		"X"	"9715/3"	"2015-09-18"		"X"
		"ICDO3"		"X"	"9725/1"	"2015-09-18"		"X"
		"ICDO3"		"X"	"9749/3"	"2015-09-18"		"X"
		"ICDO3"		"X"	"9761/1"	"2015-09-18"		"X"
		"ICDO3"		"X"	"9819/3"	"2015-09-18"		"X"
		"ICDO3"		"X"	"9823/1"	"2015-09-18"		"X"
		"ICDO3"		"X"	"9877/3"	"2015-09-18"		"X"
		"ICDO3"		"X"	"9878/3"	"2015-09-18"		"X"
		"ICDO3"		"X"	"9879/3"	"2015-09-18"		"X"
		"ICDO3"		"X"	"9912/3"	"2015-09-18"		"X"
		"ICDO3"		"X"	"9968/3"	"2015-09-18"		"X"
		"ICDO3"		"X"	"9993/3"	"2015-09-18"		"X"
		"ICDO3"		"X"	"9828/3"	"1992-01-01"		"X"
		"ICDO3"		"X"	"9821/3"	"1992-01-01"		"X"
		"ICDO3"		"X"	"9656/3"	"1992-01-01"		"X"
		"ICDO3"		"X"	"8511/3"	"1992-01-01"		"X"
		"ICDO3"		"X"	"9890/3"	"1992-01-01"		"X"
		"ICDO3"		"X"	"8441/1"	"1992-01-01"		"X"
